id,predicted
1,4.18
2,4.34
3,4.06
4,4.3
5,4.13
6,3.39
7,4.12
8,4.35
9,4.38
10,4.03
11,4.75
12,3.71
13,4.28
14,4.11
15,4.19
16,4.09
17,4.84
18,3.59
19,4.51
20,4.55
21,4.5
22,4.34
23,4.17
24,4.25
25,4.28
26,4.03
27,3.19
28,4.3
29,3.35
30,4.59
31,3.96
32,3.66
33,4.66
34,4.03
35,4.11
36,4.04
37,4.14
38,4.66
39,3.9
40,3.67
41,4.53
42,4.68
43,4.68
44,4.87
45,3.64
46,3.76
47,3.83
48,3.82
49,4.7
50,4.41
51,4.29
52,4.71
53,4.88
54,3.55
55,3.62
56,3.62
57,4.88
58,3.9
59,3.93
60,4.21
61,4.41
62,3.41
63,4.76
64,4.0
65,4.82
66,3.77
67,3.99
68,4.4
69,4.59
70,4.31
71,3.95
72,4.21
73,3.95
74,4.4
75,4.13
76,4.62
77,4.31
78,3.67
79,3.41
80,4.54
81,4.38
82,4.2
83,4.26
84,4.38
85,3.59
86,3.88
87,3.45
88,4.17
89,3.94
90,4.59
91,3.94
92,4.03
93,3.97
94,4.13
95,4.75
96,3.85
97,4.43
98,4.84
99,4.29
100,4.82
101,4.08
102,3.02
103,2.91
104,3.84
105,4.67
106,3.51
107,3.5
108,4.3
109,4.16
110,3.23
111,4.13
112,4.26
113,4.17
114,4.32
115,3.8
116,4.55
117,4.13
118,3.99
119,4.86
120,4.69
121,4.31
122,4.45
123,4.23
124,4.74
125,4.36
126,4.61
127,3.83
128,4.45
129,3.76
130,4.72
131,4.09
132,4.53
133,4.93
134,4.15
135,3.38
136,4.58
137,3.18
138,3.61
139,3.1
140,4.14
141,4.34
142,4.89
143,3.4
144,4.55
145,4.1
146,3.51
147,4.23
148,4.24
149,4.01
150,4.08
151,4.07
152,4.43
153,4.58
154,2.89
155,3.94
156,4.38
157,4.55
158,3.85
159,4.38
160,3.77
161,3.89
162,4.65
163,2.38
164,3.5
165,4.84
166,4.95
167,2.84
168,4.63
169,4.5
170,4.42
171,3.85
172,4.6
173,4.58
174,4.83
175,3.63
176,4.46
177,4.17
178,4.61
179,4.69
180,4.64
181,4.37
182,4.28
183,4.1
184,4.65
185,4.74
186,4.48
187,4.04
188,3.83
189,4.74
190,4.02
191,4.22
192,4.87
193,4.5
194,4.18
195,4.94
196,4.04
197,4.44
198,3.91
199,3.63
200,4.54
201,4.47
202,4.14
203,3.94
204,3.66
205,3.31
206,4.56
207,4.32
208,4.1
209,4.3
210,4.63
211,3.64
212,4.5
213,3.81
214,3.7
215,3.84
216,3.87
217,4.95
218,4.05
219,4.54
220,4.64
221,3.98
222,4.73
223,4.44
224,4.01
225,4.65
226,3.05
227,4.17
228,4.91
229,4.62
230,4.17
231,4.35
232,3.82
233,4.16
234,4.24
235,4.6
236,4.17
237,4.2
238,4.51
239,4.5
240,3.98
241,4.84
242,4.89
243,4.67
244,4.19
245,4.66
246,4.02
247,4.48
248,4.13
249,4.48
250,4.35
251,4.43
252,4.59
253,4.3
254,4.65
255,4.52
256,4.73
257,4.68
258,4.29
259,2.13
260,4.75
261,3.93
262,4.41
263,3.71
264,4.46
265,3.26
266,4.39
267,4.73
268,4.23
269,3.11
270,4.12
271,4.35
272,4.16
273,4.61
274,3.88
275,4.03
276,4.47
277,4.23
278,4.22
279,4.66
280,4.42
281,4.21
282,4.03
283,4.16
284,4.29
285,4.66
286,4.62
287,4.47
288,3.98
289,4.48
290,4.08
291,3.95
292,3.64
293,3.07
294,4.59
295,3.53
296,4.09
297,2.99
298,4.34
299,3.95
300,3.88
301,4.29
302,4.43
303,4.85
304,4.2
305,4.11
306,4.53
307,3.7
308,4.2
309,4.64
310,3.51
311,4.0
312,4.12
313,4.27
314,4.65
315,3.87
316,4.2
317,4.41
318,3.11
319,4.13
320,4.57
321,3.6
322,3.73
323,4.55
324,4.41
325,4.76
326,3.91
327,4.65
328,4.36
329,4.39
330,4.86
331,3.99
332,4.17
333,4.49
334,3.77
335,4.39
336,4.09
337,4.63
338,4.19
339,4.23
340,3.79
341,4.06
342,4.61
343,4.62
344,4.61
345,4.12
346,4.0
347,4.19
348,4.73
349,3.57
350,4.28
351,3.58
352,4.55
353,4.05
354,4.48
355,4.7
356,3.96
357,4.4
358,3.56
359,4.42
360,4.25
361,4.5
362,3.66
363,4.01
364,4.53
365,4.34
366,3.99
367,3.54
368,4.51
369,3.55
370,3.69
371,4.34
372,4.59
373,4.71
374,2.84
375,4.32
376,4.59
377,4.19
378,4.37
379,4.71
380,4.41
381,4.51
382,4.76
383,3.49
384,4.0
385,3.41
386,4.55
387,4.26
388,4.14
389,2.76
390,4.78
391,3.41
392,4.16
393,4.27
394,3.41
395,4.6
396,3.96
397,4.05
398,3.85
399,3.77
400,4.78
401,4.52
402,4.67
403,4.71
404,4.52
405,4.18
406,4.01
407,3.54
408,4.75
409,4.27
410,4.18
411,4.56
412,3.74
413,4.43
414,4.49
415,4.36
416,4.13
417,4.59
418,4.25
419,4.71
420,4.82
421,4.31
422,3.3
423,4.11
424,4.54
425,4.25
426,3.85
427,4.57
428,4.18
429,4.24
430,4.26
431,4.61
432,4.29
433,4.73
434,4.15
435,4.28
436,4.81
437,4.23
438,4.37
439,4.2
440,4.2
441,3.78
442,4.21
443,4.65
444,3.2
445,4.37
446,3.75
447,4.7
448,4.49
449,4.55
450,2.93
451,4.16
452,4.71
453,4.69
454,2.83
455,3.99
456,3.92
457,4.69
458,4.21
459,4.77
460,3.86
461,4.03
462,4.17
463,3.91
464,3.43
465,4.46
466,4.62
467,4.52
468,4.02
469,4.76
470,4.49
471,4.39
472,4.06
473,4.14
474,3.46
475,3.74
476,4.19
477,4.15
478,4.23
479,3.95
480,4.39
481,4.77
482,4.36
483,4.5
484,4.29
485,4.44
486,3.73
487,4.15
488,4.8
489,3.91
490,3.75
491,4.51
492,4.35
493,4.66
494,4.42
495,4.26
496,4.57
497,4.46
498,3.74
499,4.69
500,4.01
501,3.88
502,4.04
503,3.42
504,4.38
505,4.68
506,2.83
507,4.3
508,4.18
509,3.53
510,4.41
511,4.74
512,4.42
513,4.69
514,4.47
515,1.93
516,4.74
517,4.4
518,4.43
519,4.28
520,4.32
521,4.54
522,4.25
523,1.6
524,3.02
525,4.2
526,3.99
527,4.26
528,4.47
529,4.47
530,3.23
531,3.82
532,2.85
533,4.84
534,4.58
535,3.94
536,3.74
537,4.69
538,4.55
539,4.66
540,3.81
541,4.25
542,3.28
543,4.82
544,4.76
545,3.91
546,3.65
547,3.37
548,4.19
549,3.37
550,3.64
551,3.78
552,4.55
553,4.11
554,3.24
555,3.78
556,4.36
557,4.25
558,4.46
559,4.42
560,4.39
561,4.45
562,4.63
563,3.8
564,4.15
565,4.15
566,4.55
567,4.46
568,4.12
569,4.64
570,4.46
571,4.51
572,4.21
573,3.96
574,4.05
575,3.6
576,3.77
577,4.61
578,3.31
579,4.48
580,4.77
581,3.49
582,4.28
583,4.4
584,4.33
585,4.06
586,3.92
587,3.08
588,3.01
589,3.08
590,4.4
591,4.17
592,4.44
593,3.82
594,4.04
595,3.92
596,4.54
597,4.74
598,2.88
599,4.34
600,4.54
601,4.07
602,3.94
603,4.93
604,3.19
605,4.53
606,4.43
607,4.23
608,4.85
609,3.88
610,4.36
611,4.0
612,4.37
613,3.98
614,4.2
615,4.69
616,4.31
617,3.84
618,3.82
619,3.93
620,4.68
621,4.15
622,4.35
623,4.16
624,4.22
625,4.58
626,4.67
627,3.89
628,3.3
629,4.77
630,4.01
631,4.04
632,4.02
633,3.56
634,4.03
635,4.05
636,4.28
637,4.01
638,4.1
639,3.84
640,4.56
641,4.68
642,4.15
643,3.95
644,4.45
645,3.67
646,4.16
647,4.55
648,4.33
649,3.62
650,3.99
651,4.42
652,2.92
653,4.37
654,4.49
655,4.76
656,4.21
657,4.45
658,4.19
659,3.79
660,3.74
661,4.33
662,4.27
663,4.94
664,4.07
665,4.25
666,4.54
667,4.23
668,4.13
669,4.5
670,4.26
671,4.14
672,4.33
673,4.37
674,3.65
675,4.54
676,4.75
677,3.61
678,3.79
679,4.4
680,4.57
681,3.8
682,4.23
683,4.19
684,4.65
685,4.62
686,3.73
687,4.69
688,4.14
689,4.31
690,4.02
691,4.35
692,4.5
693,4.61
694,3.92
695,4.58
696,4.84
697,3.9
698,4.34
699,3.87
700,4.53
701,4.3
702,4.55
703,3.68
704,4.65
705,3.77
706,4.35
707,4.73
708,3.82
709,3.29
710,4.26
711,4.35
712,3.68
713,3.95
714,4.3
715,4.37
716,4.0
717,4.09
718,4.73
719,4.41
720,3.72
721,4.14
722,3.99
723,2.89
724,4.59
725,4.7
726,4.02
727,4.48
728,4.22
729,2.74
730,4.3
731,4.24
732,4.24
733,4.08
734,4.07
735,4.55
736,4.17
737,4.3
738,4.47
739,3.46
740,4.72
741,4.4
742,4.13
743,4.61
744,4.17
745,4.71
746,3.98
747,4.62
748,4.28
749,4.63
750,4.37
751,4.05
752,4.22
753,3.87
754,3.54
755,4.59
756,4.45
757,4.89
758,4.81
759,4.59
760,4.63
761,4.02
762,3.68
763,4.66
764,4.21
765,3.22
766,4.67
767,4.4
768,4.82
769,4.52
770,4.7
771,3.59
772,4.09
773,4.68
774,4.62
775,4.5
776,4.72
777,4.45
778,3.56
779,3.63
780,4.47
781,3.62
782,4.25
783,4.14
784,4.22
785,4.77
786,4.66
787,4.15
788,3.95
789,4.83
790,4.1
791,4.73
792,3.32
793,4.29
794,4.85
795,4.39
796,4.02
797,4.18
798,3.68
799,4.02
800,4.08
801,4.17
802,3.98
803,4.15
804,3.93
805,4.1
806,4.56
807,4.25
808,4.79
809,4.31
810,3.67
811,4.23
812,4.04
813,4.3
814,4.22
815,4.26
816,4.41
817,3.77
818,3.82
819,4.23
820,3.67
821,4.57
822,4.58
823,3.91
824,4.76
825,4.46
826,4.18
827,3.97
828,4.46
829,4.34
830,4.27
831,3.65
832,4.67
833,3.36
834,2.46
835,4.23
836,4.26
837,3.56
838,4.47
839,4.01
840,4.15
841,3.75
842,4.03
843,4.3
844,3.9
845,4.76
846,4.29
847,3.33
848,4.32
849,4.46
850,2.76
851,3.41
852,4.27
853,4.72
854,4.38
855,4.62
856,4.12
857,4.32
858,4.42
859,4.34
860,4.21
861,3.68
862,4.48
863,4.83
864,4.2
865,4.63
866,4.51
867,4.62
868,4.46
869,4.05
870,4.34
871,4.26
872,4.34
873,3.42
874,4.4
875,3.59
876,4.7
877,4.11
878,4.26
879,4.81
880,4.19
881,3.77
882,4.3
883,3.67
884,3.98
885,1.91
886,4.17
887,3.84
888,4.55
889,4.33
890,4.0
891,4.6
892,4.11
893,4.56
894,4.05
895,4.93
896,4.3
897,4.49
898,4.51
899,3.54
900,4.35
901,3.32
902,4.08
903,4.47
904,4.08
905,4.45
906,3.93
907,4.34
908,4.59
909,4.05
910,3.78
911,4.18
912,4.59
913,3.91
914,4.17
915,3.52
916,4.7
917,4.74
918,4.39
919,4.04
920,4.73
921,4.44
922,4.46
923,4.17
924,4.24
925,3.86
926,4.33
927,4.03
928,4.25
929,4.64
930,4.27
931,3.78
932,4.16
933,4.25
934,4.46
935,4.39
936,4.31
937,4.87
938,3.68
939,4.06
940,4.5
941,4.43
942,3.85
943,4.01
944,4.39
945,4.55
946,4.9
947,4.29
948,3.97
949,2.89
950,4.84
951,3.99
952,3.81
953,4.28
954,3.75
955,3.84
956,4.76
957,4.34
958,4.09
959,4.47
960,4.02
961,4.34
962,4.37
963,4.13
964,4.42
965,4.86
966,4.76
967,4.13
968,3.95
969,3.9
970,4.77
971,4.19
972,3.08
973,4.38
974,4.12
975,4.57
976,4.5
977,4.22
978,4.35
979,4.08
980,4.31
981,4.41
982,3.97
983,4.1
984,4.47
985,4.5
986,4.19
987,4.11
988,4.36
989,4.88
990,4.48
991,3.57
992,3.88
993,3.91
994,4.46
995,3.85
996,4.33
997,4.46
998,4.78
999,4.77
1000,4.4
1001,2.61
1002,4.16
1003,4.14
1004,4.15
1005,4.76
1006,4.31
1007,3.95
1008,4.41
1009,4.79
1010,3.9
1011,4.17
1012,4.6
1013,4.53
1014,4.16
1015,4.45
1016,4.16
1017,4.31
1018,3.92
1019,3.87
1020,4.29
1021,3.45
1022,3.56
1023,4.66
1024,4.5
1025,4.79
1026,3.99
1027,3.8
1028,4.42
1029,4.21
1030,4.2
1031,4.67
1032,4.06
1033,3.28
1034,4.15
1035,4.74
1036,3.75
1037,4.78
1038,3.3
1039,4.43
1040,4.19
1041,4.54
1042,4.07
1043,4.74
1044,4.43
1045,4.62
1046,4.09
1047,4.73
1048,4.28
1049,3.99
1050,4.69
1051,4.51
1052,4.71
1053,4.85
1054,4.18
1055,4.26
1056,4.36
1057,3.72
1058,3.36
1059,4.4
1060,4.04
1061,3.82
1062,3.9
1063,4.4
1064,4.53
1065,4.53
1066,3.36
1067,4.31
1068,4.12
1069,3.93
1070,4.04
1071,3.77
1072,4.4
1073,4.55
1074,3.53
1075,4.94
1076,4.56
1077,3.57
1078,4.74
1079,3.83
1080,4.66
1081,4.57
1082,4.15
1083,3.87
1084,4.33
1085,4.12
1086,3.17
1087,2.96
1088,4.45
1089,4.54
1090,3.68
1091,4.49
1092,4.25
1093,4.71
1094,4.31
1095,4.53
1096,4.21
1097,3.71
1098,4.57
1099,4.37
1100,4.81
1101,3.43
1102,4.74
1103,4.29
1104,3.62
1105,4.6
1106,4.15
1107,4.71
1108,4.06
1109,4.55
1110,3.52
1111,4.51
1112,4.55
1113,3.97
1114,4.26
1115,3.39
1116,4.35
1117,4.58
1118,4.6
1119,4.72
1120,4.63
1121,4.04
1122,4.19
1123,4.77
1124,3.75
1125,4.29
1126,4.01
1127,4.7
1128,3.57
1129,4.09
1130,3.27
1131,4.49
1132,4.83
1133,4.28
1134,3.93
1135,4.06
1136,4.24
1137,4.79
1138,4.59
1139,4.12
1140,4.57
1141,4.83
1142,4.37
1143,4.89
1144,3.96
1145,4.11
1146,3.64
1147,4.0
1148,3.99
1149,3.79
1150,3.64
1151,4.53
1152,3.43
1153,3.21
1154,4.01
1155,4.62
1156,4.25
1157,4.51
1158,4.22
1159,4.73
1160,4.69
1161,3.23
1162,3.48
1163,4.49
1164,4.15
1165,4.46
1166,4.9
1167,4.15
1168,4.37
1169,4.2
1170,4.16
1171,4.08
1172,4.44
1173,3.3
1174,4.15
1175,3.78
1176,4.21
1177,4.32
1178,3.77
1179,4.46
1180,4.19
1181,4.17
1182,4.56
1183,4.42
1184,4.6
1185,4.03
1186,4.63
1187,4.7
1188,3.87
1189,3.91
1190,4.78
1191,4.04
1192,3.38
1193,4.44
1194,4.48
1195,3.93
1196,4.67
1197,4.15
1198,4.06
1199,4.41
1200,4.14
1201,3.33
1202,4.11
1203,4.5
1204,4.08
1205,3.79
1206,4.55
1207,4.67
1208,4.32
1209,4.25
1210,3.75
1211,3.59
1212,3.94
1213,4.78
1214,4.56
1215,4.38
1216,4.5
1217,4.58
1218,4.11
1219,3.3
1220,4.55
1221,4.38
1222,4.56
1223,4.64
1224,3.2
1225,4.25
1226,3.78
1227,4.54
1228,4.21
1229,3.99
1230,4.6
1231,3.85
1232,4.49
1233,4.45
1234,4.6
1235,4.39
1236,4.32
1237,4.35
1238,4.04
1239,4.03
1240,4.32
1241,2.68
1242,4.62
1243,4.66
1244,4.15
1245,4.54
1246,4.06
1247,4.37
1248,4.69
1249,3.82
1250,3.05
1251,3.55
1252,4.64
1253,4.22
1254,4.82
1255,4.44
1256,4.73
1257,4.84
1258,4.51
1259,4.28
1260,4.12
1261,4.69
1262,4.47
1263,4.3
1264,4.77
1265,4.31
1266,4.36
1267,4.28
1268,4.23
1269,4.63
1270,4.08
1271,4.61
1272,4.6
1273,3.44
1274,4.25
1275,4.22
1276,4.58
1277,3.71
1278,4.54
1279,4.76
1280,3.75
1281,4.76
1282,4.2
1283,3.89
1284,4.28
1285,4.34
1286,4.2
1287,3.8
1288,4.33
1289,3.72
1290,4.38
1291,4.22
1292,3.98
1293,4.02
1294,4.16
1295,4.27
1296,4.8
1297,3.93
1298,3.17
1299,4.09
1300,4.26
1301,4.5
1302,4.27
1303,3.45
1304,4.71
1305,3.96
1306,4.51
1307,4.2
1308,4.37
1309,4.64
1310,3.68
1311,4.43
1312,4.87
1313,4.55
1314,4.09
1315,3.63
1316,3.55
1317,4.27
1318,3.83
1319,4.37
1320,4.38
1321,4.47
1322,4.78
1323,4.0
1324,4.18
1325,3.96
1326,4.14
1327,4.03
1328,4.22
1329,4.22
1330,3.86
1331,3.1
1332,4.66
1333,4.21
1334,4.33
1335,4.16
1336,4.55
1337,3.88
1338,3.9
1339,4.71
1340,4.45
1341,4.81
1342,4.58
1343,3.88
1344,4.52
1345,4.27
1346,3.9
1347,3.66
1348,4.62
1349,3.53
1350,4.18
1351,4.16
1352,4.72
1353,3.75
1354,4.72
1355,4.57
1356,4.76
1357,3.24
1358,4.86
1359,4.07
1360,4.24
1361,4.77
1362,3.68
1363,4.39
1364,4.47
1365,4.58
1366,4.86
1367,4.35
1368,4.24
1369,4.42
1370,4.78
1371,4.24
1372,4.65
1373,4.66
1374,4.48
1375,4.47
1376,4.32
1377,4.27
1378,4.5
1379,3.34
1380,4.69
1381,4.31
1382,4.59
1383,4.04
1384,4.37
1385,4.21
1386,4.65
1387,3.4
1388,4.33
1389,3.8
1390,4.46
1391,4.5
1392,4.66
1393,3.1
1394,4.86
1395,4.28
1396,3.75
1397,4.62
1398,4.61
1399,4.06
1400,4.22
1401,4.19
1402,4.47
1403,4.21
1404,3.54
1405,4.65
1406,4.37
1407,3.85
1408,4.66
1409,4.13
1410,3.66
1411,4.89
1412,3.89
1413,4.34
1414,4.59
1415,3.61
1416,3.89
1417,3.85
1418,4.72
1419,4.12
1420,4.5
1421,4.39
1422,3.46
1423,4.13
1424,4.3
1425,4.81
1426,4.52
1427,4.11
1428,4.46
1429,4.39
1430,3.79
1431,3.36
1432,4.27
1433,4.09
1434,4.27
1435,4.77
1436,4.18
1437,4.35
1438,3.78
1439,4.44
1440,3.29
1441,4.19
1442,4.38
1443,4.54
1444,4.42
1445,3.93
1446,4.37
1447,2.62
1448,4.28
1449,3.88
1450,4.24
1451,4.22
1452,4.38
1453,3.71
1454,4.18
1455,4.77
1456,4.37
1457,4.2
1458,4.14
1459,4.04
1460,4.55
1461,4.42
1462,4.14
1463,4.07
1464,4.15
1465,3.2
1466,4.52
1467,4.1
1468,4.84
1469,4.82
1470,4.24
1471,4.47
1472,4.44
1473,4.29
1474,4.16
1475,3.78
1476,3.57
1477,4.27
1478,4.18
1479,4.16
1480,3.7
1481,2.88
1482,4.52
1483,4.42
1484,4.5
1485,4.4
1486,4.2
1487,4.18
1488,4.52
1489,4.43
1490,3.42
1491,4.29
1492,4.35
1493,4.69
1494,4.13
1495,4.34
1496,4.35
1497,4.73
1498,3.84
1499,3.44
1500,4.36
1501,4.5
1502,4.31
1503,4.47
1504,4.57
1505,4.52
1506,4.01
1507,4.33
1508,4.49
1509,4.46
1510,4.68
1511,4.39
1512,4.18
1513,4.35
1514,4.04
1515,4.41
1516,4.26
1517,4.23
1518,4.58
1519,4.37
1520,4.42
1521,3.71
1522,3.85
1523,4.96
1524,4.11
1525,4.49
1526,4.1
1527,4.34
1528,4.51
1529,4.68
1530,4.75
1531,3.92
1532,4.77
1533,4.62
1534,3.68
1535,3.86
1536,4.63
1537,4.56
1538,4.16
1539,4.2
1540,4.19
1541,4.38
1542,4.45
1543,4.02
1544,4.14
1545,4.41
1546,3.96
1547,4.42
1548,3.89
1549,4.74
1550,4.64
1551,4.71
1552,4.18
1553,4.72
1554,3.97
1555,4.1
1556,4.01
1557,4.29
1558,4.69
1559,4.37
1560,4.68
1561,4.8
1562,3.99
1563,2.79
1564,4.2
1565,4.48
1566,3.53
1567,3.95
1568,4.06
1569,4.01
1570,4.96
1571,4.15
1572,4.42
1573,4.13
1574,4.35
1575,4.4
1576,2.63
1577,4.5
1578,4.5
1579,4.78
1580,4.69
1581,4.43
1582,4.11
1583,4.71
1584,4.75
1585,4.09
1586,4.78
1587,4.62
1588,4.22
1589,2.86
1590,4.35
1591,4.19
1592,4.92
1593,4.46
1594,4.56
1595,4.68
1596,3.48
1597,3.93
1598,4.53
1599,4.42
1600,4.75
1601,4.88
1602,3.87
1603,4.59
1604,3.2
1605,4.74
1606,3.88
1607,4.3
1608,4.24
1609,4.49
1610,4.19
1611,4.21
1612,4.66
1613,4.01
1614,4.58
1615,3.56
1616,4.13
1617,3.95
1618,4.6
1619,4.73
1620,4.52
1621,4.06
1622,3.81
1623,3.7
1624,4.38
1625,4.63
1626,4.72
1627,4.22
1628,4.24
1629,3.65
1630,4.05
1631,4.29
1632,3.75
1633,3.83
1634,4.67
1635,4.42
1636,3.92
1637,2.92
1638,3.93
1639,3.65
1640,4.63
1641,4.51
1642,4.49
1643,4.26
1644,4.71
1645,4.28
1646,4.13
1647,4.09
1648,4.09
1649,4.69
1650,4.65
1651,4.85
1652,3.57
1653,3.85
1654,3.82
1655,3.83
1656,4.56
1657,3.88
1658,4.3
1659,4.06
1660,4.23
1661,4.61
1662,4.3
1663,4.25
1664,3.95
1665,4.26
1666,4.03
1667,4.29
1668,4.29
1669,3.9
1670,4.48
1671,3.95
1672,4.55
1673,4.3
1674,3.37
1675,2.88
1676,4.67
1677,4.09
1678,3.99
1679,3.5
1680,4.37
1681,4.1
1682,4.38
1683,3.76
1684,3.94
1685,4.39
1686,4.1
1687,4.02
1688,4.35
1689,3.83
1690,4.42
1691,4.48
1692,3.18
1693,3.83
1694,4.18
1695,4.44
1696,2.56
1697,4.73
1698,4.19
1699,3.77
1700,4.05
1701,3.95
1702,4.42
1703,4.08
1704,4.44
1705,4.26
1706,4.27
1707,3.88
1708,4.37
1709,3.69
1710,4.09
1711,4.81
1712,4.19
1713,3.18
1714,4.33
1715,4.53
1716,3.89
1717,3.7
1718,4.59
1719,4.29
1720,4.5
1721,3.94
1722,4.2
1723,4.72
1724,3.88
1725,4.34
1726,4.67
1727,4.58
1728,4.6
1729,4.4
1730,3.99
1731,4.72
1732,4.37
1733,3.66
1734,4.42
1735,3.73
1736,4.68
1737,4.02
1738,4.11
1739,4.33
1740,4.2
1741,4.47
1742,3.69
1743,4.19
1744,4.03
1745,4.28
1746,3.29
1747,3.96
1748,4.29
1749,4.05
1750,3.63
1751,4.45
1752,4.23
1753,4.17
1754,4.94
1755,4.86
1756,4.38
1757,4.65
1758,3.75
1759,4.48
1760,4.3
1761,4.28
1762,4.56
1763,3.72
1764,3.63
1765,3.32
1766,4.18
1767,4.1
1768,4.54
1769,4.16
1770,4.14
1771,4.55
1772,4.79
1773,4.09
1774,4.35
1775,4.87
1776,4.71
1777,4.09
1778,4.71
1779,4.1
1780,4.66
1781,4.42
1782,4.59
1783,4.41
1784,4.46
1785,3.32
1786,4.75
1787,4.16
1788,3.91
1789,3.79
1790,3.35
1791,4.9
1792,4.4
1793,3.65
1794,4.05
1795,3.46
1796,4.3
1797,3.68
1798,3.82
1799,2.92
1800,4.03
1801,4.42
1802,4.17
1803,3.4
1804,3.79
1805,4.05
1806,4.35
1807,4.27
1808,4.1
1809,4.51
1810,4.53
1811,4.35
1812,4.0
1813,3.25
1814,3.79
1815,4.11
1816,4.45
1817,4.23
1818,4.89
1819,4.38
1820,4.73
1821,4.19
1822,4.8
1823,4.02
1824,4.62
1825,2.64
1826,4.31
1827,3.46
1828,4.39
1829,3.42
1830,4.7
1831,3.87
1832,4.73
1833,4.54
1834,3.51
1835,3.15
1836,4.51
1837,4.6
1838,4.44
1839,4.31
1840,4.26
1841,4.61
1842,4.27
1843,4.64
1844,4.37
1845,4.06
1846,4.31
1847,4.61
1848,3.06
1849,4.41
1850,4.06
1851,4.62
1852,4.14
1853,3.54
1854,4.0
1855,4.37
1856,4.0
1857,4.83
1858,4.35
1859,4.49
1860,4.63
1861,3.96
1862,3.52
1863,4.63
1864,4.27
1865,4.06
1866,4.1
1867,4.11
1868,4.37
1869,4.34
1870,4.85
1871,4.25
1872,4.53
1873,4.22
1874,3.81
1875,4.6
1876,4.56
1877,4.51
1878,4.54
1879,4.32
1880,4.43
1881,4.19
1882,4.61
1883,3.97
1884,4.05
1885,4.16
1886,4.25
1887,4.17
1888,3.64
1889,4.51
1890,3.07
1891,4.12
1892,4.23
1893,4.05
1894,4.41
1895,4.38
1896,3.54
1897,4.29
1898,4.61
1899,4.15
1900,3.58
1901,4.65
1902,4.21
1903,4.12
1904,4.2
1905,4.13
1906,4.21
1907,4.44
1908,4.7
1909,4.44
1910,4.63
1911,4.55
1912,3.92
1913,4.4
1914,3.62
1915,4.61
1916,4.54
1917,4.66
1918,3.67
1919,3.71
1920,3.7
1921,4.28
1922,3.67
1923,4.16
1924,4.27
1925,4.18
1926,4.52
1927,4.2
1928,4.31
1929,4.76
1930,4.55
1931,4.33
1932,3.92
1933,4.46
1934,4.61
1935,4.54
1936,4.61
1937,4.09
1938,4.08
1939,3.85
1940,4.33
1941,3.98
1942,4.8
1943,3.53
1944,3.88
1945,4.45
1946,4.23
1947,3.39
1948,2.23
1949,2.23
1950,4.21
1951,4.53
1952,4.05
1953,4.21
1954,3.61
1955,4.25
1956,4.42
1957,4.16
1958,3.62
1959,4.28
1960,4.44
1961,3.85
1962,4.85
1963,4.47
1964,4.08
1965,4.79
1966,2.81
1967,4.63
1968,3.98
1969,4.62
1970,4.53
1971,4.73
1972,4.71
1973,4.73
1974,3.36
1975,4.13
1976,3.83
1977,4.17
1978,4.79
1979,3.82
1980,4.23
1981,4.2
1982,3.71
1983,4.17
1984,4.1
1985,3.8
1986,4.45
1987,3.88
1988,4.1
1989,4.59
1990,3.88
1991,4.72
1992,3.86
1993,4.49
1994,3.88
1995,3.98
1996,4.56
1997,4.45
1998,4.55
1999,3.87
2000,4.48
2001,4.68
2002,4.8
2003,4.34
2004,4.43
2005,3.34
2006,4.41
2007,4.26
2008,4.06
2009,3.94
2010,4.77
2011,3.82
2012,4.45
2013,3.91
2014,4.43
2015,3.52
2016,4.05
2017,4.57
2018,4.23
2019,3.73
2020,4.41
2021,2.67
2022,3.52
2023,3.7
2024,3.0
2025,3.96
2026,4.07
2027,4.33
2028,4.69
2029,4.0
2030,4.75
2031,3.74
2032,4.23
2033,4.24
2034,4.97
2035,4.66
2036,3.98
2037,3.59
2038,4.63
2039,4.08
2040,4.71
2041,4.36
2042,3.23
2043,3.8
2044,4.13
2045,4.48
2046,3.82
2047,4.56
2048,3.84
2049,4.06
2050,4.07
2051,3.87
2052,4.2
2053,4.71
2054,3.91
2055,3.66
2056,3.18
2057,4.31
2058,4.12
2059,4.23
2060,3.7
2061,4.06
2062,4.11
2063,4.07
2064,3.78
2065,3.78
2066,4.45
2067,4.34
2068,4.12
2069,3.6
2070,4.24
2071,3.54
2072,4.31
2073,4.32
2074,4.77
2075,3.79
2076,3.48
2077,4.39
2078,4.73
2079,3.31
2080,3.78
2081,4.26
2082,4.19
2083,4.29
2084,4.53
2085,4.15
2086,4.53
2087,4.28
2088,4.06
2089,3.54
2090,4.57
2091,4.02
2092,3.9
2093,4.06
2094,4.56
2095,4.53
2096,4.49
2097,4.54
2098,4.08
2099,3.96
2100,4.48
2101,4.24
2102,3.69
2103,4.06
2104,4.85
2105,4.55
2106,4.27
2107,4.13
2108,3.9
2109,4.65
2110,4.6
2111,4.86
2112,4.5
2113,4.04
2114,4.92
2115,4.12
2116,4.14
2117,4.29
2118,4.59
2119,4.18
2120,4.69
2121,4.28
2122,3.7
2123,4.82
2124,3.55
2125,4.07
2126,3.9
2127,4.23
2128,4.72
2129,3.76
2130,4.37
2131,4.08
2132,4.33
2133,4.42
2134,4.01
2135,3.83
2136,4.43
2137,4.06
2138,4.61
2139,4.01
2140,4.68
2141,3.7
2142,4.11
2143,4.65
2144,3.3
2145,4.53
2146,4.82
2147,3.45
2148,3.92
2149,4.15
2150,4.17
2151,4.03
2152,4.35
2153,4.59
2154,4.41
2155,4.24
2156,3.85
2157,3.87
2158,4.53
2159,4.52
2160,4.89
2161,4.45
2162,4.9
2163,4.38
2164,3.71
2165,4.62
2166,3.54
2167,4.06
2168,4.17
2169,4.39
2170,4.52
2171,4.6
2172,4.48
2173,4.35
2174,4.1
2175,4.38
2176,4.44
2177,4.24
2178,3.98
2179,4.25
2180,3.95
2181,4.83
2182,4.72
2183,4.29
2184,4.19
2185,4.47
2186,3.71
2187,4.69
2188,4.67
2189,4.88
2190,3.44
2191,4.22
2192,4.47
2193,4.58
2194,4.26
2195,4.31
2196,2.14
2197,4.41
2198,4.58
2199,4.41
2200,4.7
2201,4.81
2202,4.47
2203,4.63
2204,4.64
2205,3.73
2206,4.64
2207,4.38
2208,3.5
2209,4.1
2210,3.69
2211,4.17
2212,4.74
2213,3.94
2214,4.61
2215,4.15
2216,4.43
2217,4.51
2218,4.74
2219,1.95
2220,3.73
2221,4.61
2222,4.63
2223,4.17
2224,4.12
2225,3.78
2226,4.31
2227,3.48
2228,4.02
2229,3.94
2230,3.73
2231,3.78
2232,4.06
2233,4.41
2234,4.05
2235,4.25
2236,4.58
2237,3.94
2238,4.35
2239,4.41
2240,2.65
2241,4.06
2242,4.1
2243,4.33
2244,4.19
2245,4.51
2246,4.64
2247,4.62
2248,4.8
2249,4.18
2250,4.38
2251,3.89
2252,4.41
2253,4.64
2254,4.29
2255,3.75
2256,4.07
2257,3.84
2258,4.4
2259,4.51
2260,3.99
2261,3.86
2262,3.48
2263,4.05
2264,4.67
2265,4.03
2266,4.54
2267,4.39
2268,3.83
2269,3.93
2270,4.19
2271,4.19
2272,4.23
2273,4.02
2274,4.53
2275,4.1
2276,2.43
2277,4.35
2278,3.61
2279,4.25
2280,4.11
2281,4.64
2282,4.34
2283,4.51
2284,4.49
2285,4.97
2286,4.8
2287,4.47
2288,4.01
2289,4.34
2290,4.51
2291,4.61
2292,4.03
2293,3.83
2294,4.24
2295,3.92
2296,3.94
2297,4.1
2298,4.96
2299,3.62
2300,4.45
2301,3.79
2302,4.4
2303,4.56
2304,4.47
2305,4.59
2306,4.51
2307,4.09
2308,4.14
2309,4.59
2310,4.5
2311,4.47
2312,4.38
2313,3.85
2314,4.15
2315,2.96
2316,4.39
2317,4.77
2318,3.72
2319,3.78
2320,4.42
2321,4.14
2322,4.68
2323,4.26
2324,4.47
2325,4.83
2326,4.09
2327,4.73
2328,4.34
2329,3.99
2330,4.33
2331,4.0
2332,4.11
2333,4.17
2334,3.87
2335,4.42
2336,4.78
2337,4.24
2338,4.71
2339,4.11
2340,3.49
2341,4.14
2342,4.26
2343,4.56
2344,3.32
2345,3.13
2346,4.34
2347,4.2
2348,4.37
2349,4.11
2350,4.54
2351,3.33
2352,4.31
2353,3.21
2354,4.62
2355,2.93
2356,4.7
2357,4.04
2358,4.57
2359,4.69
2360,3.07
2361,4.2
2362,3.95
2363,4.42
2364,4.08
2365,4.3
2366,4.66
2367,4.78
2368,4.06
2369,4.76
2370,3.93
2371,3.86
2372,4.2
2373,4.67
2374,4.01
2375,3.99
2376,4.35
2377,4.68
2378,4.59
2379,4.1
2380,3.94
2381,4.2
2382,4.44
2383,4.86
2384,4.39
2385,3.52
2386,3.72
2387,4.25
2388,3.58
2389,3.93
2390,3.79
2391,4.67
2392,4.08
2393,4.73
2394,3.96
2395,4.68
2396,4.42
2397,4.88
2398,4.31
2399,3.46
2400,4.37
2401,4.72
2402,4.98
2403,4.39
2404,3.16
2405,4.14
2406,3.61
2407,4.9
2408,4.33
2409,4.76
2410,3.74
2411,4.79
2412,4.36
2413,4.8
2414,4.35
2415,4.53
2416,2.93
2417,3.93
2418,4.52
2419,3.67
2420,4.3
2421,3.98
2422,4.43
2423,4.72
2424,3.89
2425,4.06
2426,3.48
2427,4.73
2428,4.34
2429,4.39
2430,4.38
2431,3.72
2432,4.14
2433,4.25
2434,4.81
2435,4.51
2436,3.97
2437,3.99
2438,4.35
2439,4.47
2440,4.45
2441,4.11
2442,4.37
2443,4.51
2444,4.52
2445,4.57
2446,3.96
2447,4.29
2448,4.91
2449,4.02
2450,4.1
2451,4.22
2452,3.96
2453,4.72
2454,4.56
2455,4.48
2456,3.54
2457,4.22
2458,4.75
2459,3.56
2460,3.91
2461,2.74
2462,4.25
2463,4.17
2464,4.0
2465,4.52
2466,3.99
2467,4.04
2468,3.95
2469,4.53
2470,4.31
2471,4.04
2472,4.37
2473,4.46
2474,4.73
2475,4.4
2476,3.56
2477,3.99
2478,3.89
2479,4.49
2480,3.81
2481,4.82
2482,4.35
2483,4.1
2484,4.21
2485,4.41
2486,4.61
2487,4.6
2488,3.63
2489,4.61
2490,4.25
2491,4.56
2492,4.62
2493,3.91
2494,4.02
2495,4.69
2496,4.17
2497,4.04
2498,4.37
2499,4.39
2500,4.33
2501,4.17
2502,3.38
2503,3.99
2504,4.31
2505,4.66
2506,3.96
2507,3.53
2508,4.78
2509,4.86
2510,3.79
2511,4.38
2512,4.04
2513,3.78
2514,4.59
2515,3.89
2516,4.5
2517,4.23
2518,4.62
2519,4.54
2520,3.52
2521,4.54
2522,4.53
2523,4.33
2524,4.62
2525,4.39
2526,4.26
2527,3.67
2528,4.91
2529,4.52
2530,4.59
2531,4.54
2532,4.41
2533,4.3
2534,4.18
2535,3.56
2536,4.57
2537,3.79
2538,4.64
2539,4.12
2540,4.33
2541,4.65
2542,4.36
2543,4.46
2544,4.25
2545,4.69
2546,4.0
2547,3.73
2548,4.13
2549,3.55
2550,4.74
2551,4.02
2552,4.57
2553,3.65
2554,4.64
2555,4.63
2556,4.39
2557,4.51
2558,4.21
2559,3.82
2560,4.63
2561,4.65
2562,4.02
2563,4.31
2564,4.57
2565,3.56
2566,4.3
2567,4.68
2568,4.46
2569,4.27
2570,4.4
2571,4.46
2572,4.53
2573,4.07
2574,4.66
2575,4.51
2576,3.9
2577,3.46
2578,3.89
2579,4.72
2580,4.43
2581,4.46
2582,4.15
2583,3.59
2584,4.67
2585,4.08
2586,4.37
2587,3.76
2588,4.03
2589,4.14
2590,4.61
2591,4.32
2592,4.65
2593,4.72
2594,3.74
2595,4.7
2596,4.44
2597,4.42
2598,3.78
2599,4.45
2600,3.84
2601,4.39
2602,3.26
2603,4.27
2604,3.28
2605,4.55
2606,4.31
2607,3.66
2608,4.38
2609,4.06
2610,4.52
2611,4.43
2612,4.74
2613,4.83
2614,4.37
2615,3.41
2616,4.66
2617,3.89
2618,4.56
2619,4.19
2620,4.17
2621,3.86
2622,3.56
2623,4.45
2624,4.24
2625,4.35
2626,3.96
2627,4.6
2628,4.3
2629,4.59
2630,4.36
2631,3.71
2632,4.55
2633,4.24
2634,4.36
2635,4.6
2636,4.83
2637,4.7
2638,4.19
2639,3.97
2640,4.2
2641,4.36
2642,4.16
2643,3.67
2644,4.11
2645,4.58
2646,4.49
2647,4.61
2648,4.14
2649,4.37
2650,4.45
2651,4.55
2652,3.77
2653,3.28
2654,4.38
2655,4.4
2656,4.43
2657,3.06
2658,3.64
2659,4.47
2660,3.75
2661,4.42
2662,4.41
2663,4.61
2664,4.14
2665,4.26
2666,3.84
2667,4.61
2668,3.82
2669,4.08
2670,4.41
2671,3.51
2672,3.22
2673,3.92
2674,4.43
2675,4.3
2676,4.34
2677,3.91
2678,4.58
2679,3.99
2680,4.65
2681,4.48
2682,4.15
2683,4.04
2684,4.49
2685,4.17
2686,3.97
2687,4.87
2688,4.0
2689,4.4
2690,4.5
2691,3.8
2692,3.62
2693,4.23
2694,4.52
2695,3.85
2696,4.13
2697,4.76
2698,4.52
2699,4.49
2700,4.55
2701,4.01
2702,3.78
2703,4.14
2704,3.88
2705,4.32
2706,4.1
2707,3.91
2708,4.19
2709,4.74
2710,4.41
2711,4.4
2712,3.95
2713,4.31
2714,4.34
2715,4.39
2716,4.33
2717,4.4
2718,4.38
2719,4.1
2720,3.15
2721,4.92
2722,4.45
2723,4.02
2724,4.56
2725,4.31
2726,4.24
2727,3.58
2728,4.55
2729,4.35
2730,3.07
2731,3.48
2732,4.16
2733,4.71
2734,4.58
2735,4.19
2736,4.28
2737,4.21
2738,3.79
2739,4.84
2740,4.27
2741,4.2
2742,4.87
2743,4.77
2744,4.71
2745,4.19
2746,3.28
2747,3.94
2748,4.58
2749,4.22
2750,4.55
2751,4.36
2752,3.44
2753,4.27
2754,2.39
2755,3.99
2756,4.09
2757,3.99
2758,3.76
2759,4.7
2760,3.72
2761,4.25
2762,4.5
2763,4.62
2764,4.28
2765,4.47
2766,4.25
2767,4.35
2768,4.8
2769,4.81
2770,4.23
2771,4.48
2772,4.52
2773,3.96
2774,4.01
2775,4.64
2776,4.37
2777,3.92
2778,4.18
2779,4.54
2780,4.35
2781,3.31
2782,3.69
2783,3.93
2784,4.37
2785,3.91
2786,3.51
2787,4.08
2788,4.33
2789,4.66
2790,3.79
2791,4.74
2792,3.45
2793,3.64
2794,4.48
2795,4.2
2796,2.83
2797,4.04
2798,4.11
2799,4.7
2800,4.61
2801,4.24
2802,4.53
2803,4.36
2804,4.4
2805,3.99
2806,4.16
2807,4.47
2808,4.82
2809,4.24
2810,4.64
2811,4.44
2812,3.67
2813,3.33
2814,4.79
2815,4.39
2816,3.77
2817,4.45
2818,4.51
2819,4.54
2820,4.01
2821,4.1
2822,4.58
2823,4.19
2824,4.5
2825,3.78
2826,4.54
2827,2.89
2828,4.92
2829,4.43
2830,3.77
2831,4.6
2832,4.64
2833,4.26
2834,4.44
2835,4.59
2836,3.76
2837,4.03
2838,4.58
2839,4.31
2840,3.0
2841,4.63
2842,3.98
2843,3.88
2844,4.26
2845,4.68
2846,4.51
2847,4.3
2848,4.05
2849,4.55
2850,3.87
2851,4.61
2852,3.93
2853,4.5
2854,4.53
2855,4.5
2856,3.92
2857,4.86
2858,4.64
2859,4.83
2860,4.11
2861,4.89
2862,3.73
2863,4.6
2864,4.08
2865,4.05
2866,4.38
2867,3.59
2868,4.31
2869,4.41
2870,3.72
2871,4.29
2872,4.67
2873,3.52
2874,4.54
2875,4.2
2876,4.05
2877,4.41
2878,4.73
2879,4.22
2880,4.24
2881,4.44
2882,4.27
2883,4.63
2884,4.2
2885,4.57
2886,4.28
2887,4.56
2888,3.88
2889,4.18
2890,4.51
2891,4.4
2892,4.12
2893,3.97
2894,4.88
2895,4.22
2896,3.77
2897,4.18
2898,4.48
2899,3.8
2900,4.4
2901,4.3
2902,4.17
2903,4.88
2904,4.52
2905,3.9
2906,4.48
2907,3.01
2908,4.58
2909,4.04
2910,4.36
2911,2.17
2912,4.18
2913,4.09
2914,4.24
2915,4.79
2916,4.32
2917,3.64
2918,4.19
2919,4.56
2920,4.47
2921,3.36
2922,4.71
2923,4.04
2924,4.03
2925,4.31
2926,4.23
2927,4.04
2928,3.9
2929,4.02
2930,4.7
2931,4.27
2932,4.47
2933,4.75
2934,4.59
2935,3.85
2936,4.25
2937,4.33
2938,3.8
2939,3.77
2940,3.89
2941,4.51
2942,4.09
2943,4.76
2944,4.51
2945,3.77
2946,4.5
2947,4.64
2948,4.43
2949,4.4
2950,4.31
2951,4.0
2952,4.08
2953,4.89
2954,4.11
2955,3.73
2956,3.53
2957,4.44
2958,4.39
2959,4.41
2960,4.27
2961,4.33
2962,4.49
2963,4.78
2964,4.78
2965,4.78
2966,4.18
2967,4.46
2968,4.87
2969,4.48
2970,3.61
2971,4.62
2972,4.03
2973,4.78
2974,4.05
2975,4.64
2976,4.29
2977,4.25
2978,3.99
2979,3.27
2980,4.7
2981,4.72
2982,4.32
2983,4.36
2984,4.05
2985,4.74
2986,4.27
2987,4.48
2988,4.26
2989,4.32
2990,4.16
2991,4.11
2992,4.44
2993,4.23
2994,3.97
2995,4.51
2996,3.52
2997,4.16
2998,4.32
2999,4.15
3000,4.38
3001,3.26
3002,3.13
3003,4.49
3004,4.62
3005,4.68
3006,4.11
3007,3.69
3008,4.84
3009,4.31
3010,4.69
3011,4.5
3012,4.56
3013,4.45
3014,3.68
3015,3.69
3016,3.21
3017,3.12
3018,4.02
3019,4.4
3020,4.54
3021,2.75
3022,3.44
3023,4.32
3024,4.68
3025,3.95
3026,3.9
3027,3.93
3028,4.18
3029,4.54
3030,4.42
3031,2.88
3032,3.83
3033,4.41
3034,3.64
3035,4.42
3036,4.19
3037,3.39
3038,4.14
3039,4.24
3040,4.18
3041,4.33
3042,4.43
3043,4.41
3044,3.7
3045,4.6
3046,3.76
3047,3.98
3048,4.36
3049,4.37
3050,3.86
3051,4.28
3052,3.61
3053,4.76
3054,4.56
3055,4.73
3056,3.94
3057,4.52
3058,4.71
3059,4.37
3060,4.47
3061,4.53
3062,4.36
3063,4.05
3064,4.69
3065,4.52
3066,3.53
3067,4.12
3068,4.1
3069,4.38
3070,4.22
3071,4.01
3072,4.13
3073,4.64
3074,4.02
3075,4.82
3076,4.62
3077,4.54
3078,3.6
3079,4.63
3080,4.63
3081,4.06
3082,4.25
3083,4.73
3084,4.4
3085,3.67
3086,4.33
3087,4.24
3088,4.5
3089,3.76
3090,4.9
3091,3.89
3092,4.23
3093,3.4
3094,4.35
3095,3.77
3096,4.34
3097,4.93
3098,3.6
3099,4.23
3100,4.48
3101,4.55
3102,4.16
3103,4.5
3104,4.43
3105,4.67
3106,3.92
3107,4.56
3108,4.27
3109,4.43
3110,4.04
3111,4.37
3112,4.57
3113,3.63
3114,4.51
3115,3.99
3116,3.88
3117,4.78
3118,3.58
3119,4.73
3120,3.29
3121,3.77
3122,3.96
3123,4.36
3124,3.69
3125,4.84
3126,4.54
3127,4.89
3128,4.69
3129,4.67
3130,3.98
3131,4.49
3132,4.69
3133,3.98
3134,4.51
3135,4.83
3136,4.04
3137,3.84
3138,4.09
3139,3.76
3140,4.07
3141,4.65
3142,3.43
3143,3.64
3144,3.95
3145,3.51
3146,4.74
3147,4.81
3148,4.84
3149,3.54
3150,4.37
3151,4.37
3152,3.75
3153,4.06
3154,4.03
3155,4.23
3156,4.24
3157,4.4
3158,4.43
3159,3.11
3160,4.49
3161,4.24
3162,4.68
3163,4.89
3164,4.17
3165,4.47
3166,3.88
3167,3.82
3168,4.17
3169,4.13
3170,4.39
3171,4.73
3172,4.4
3173,4.65
3174,4.52
3175,3.69
3176,4.17
3177,4.56
3178,4.69
3179,4.85
3180,4.76
3181,4.45
3182,4.42
3183,4.31
3184,4.75
3185,4.79
3186,3.81
3187,3.77
3188,2.12
3189,4.67
3190,4.4
3191,4.07
3192,3.56
3193,4.6
3194,4.19
3195,4.52
3196,4.14
3197,4.2
3198,4.08
3199,4.27
3200,3.5
3201,3.71
3202,4.61
3203,4.06
3204,4.69
3205,4.83
3206,4.08
3207,4.02
3208,4.2
3209,3.7
3210,4.19
3211,4.55
3212,4.76
3213,3.73
3214,4.27
3215,4.72
3216,4.16
3217,3.9
3218,4.98
3219,4.84
3220,4.18
3221,4.88
3222,4.26
3223,4.54
3224,4.03
3225,4.67
3226,3.8
3227,4.58
3228,4.06
3229,4.41
3230,4.58
3231,4.88
3232,4.35
3233,4.36
3234,4.12
3235,4.17
3236,3.9
3237,4.42
3238,4.55
3239,4.31
3240,3.4
3241,3.48
3242,4.75
3243,3.17
3244,4.1
3245,4.21
3246,3.8
3247,3.84
3248,4.47
3249,4.46
3250,4.15
3251,4.35
3252,4.67
3253,4.29
3254,4.55
3255,4.85
3256,4.07
3257,4.12
3258,4.21
3259,3.79
3260,4.45
3261,4.1
3262,4.4
3263,4.15
3264,4.18
3265,3.67
3266,4.58
3267,4.55
3268,3.78
3269,4.17
3270,4.41
3271,4.53
3272,4.08
3273,4.76
3274,4.44
3275,2.76
3276,4.13
3277,4.66
3278,4.03
3279,4.15
3280,4.21
3281,4.8
3282,4.33
3283,3.69
3284,4.53
3285,4.51
3286,4.58
3287,4.11
3288,4.46
3289,3.96
3290,4.4
3291,4.48
3292,4.19
3293,4.48
3294,4.7
3295,3.73
3296,4.52
3297,4.68
3298,3.91
3299,3.94
3300,4.58
3301,3.96
3302,4.08
3303,4.17
3304,3.5
3305,3.65
3306,3.69
3307,4.69
3308,4.51
3309,4.13
3310,4.61
3311,3.36
3312,4.33
3313,4.81
3314,3.85
3315,4.43
3316,4.18
3317,3.82
3318,4.54
3319,4.26
3320,4.59
3321,4.66
3322,3.52
3323,3.88
3324,4.9
3325,4.63
3326,4.27
3327,4.6
3328,4.21
3329,4.25
3330,4.49
3331,4.71
3332,4.0
3333,4.09
3334,4.9
3335,4.35
3336,4.02
3337,4.75
3338,4.5
3339,4.74
3340,3.79
3341,4.05
3342,3.99
3343,4.15
3344,4.31
3345,3.82
3346,4.24
3347,4.42
3348,4.53
3349,4.79
3350,3.77
3351,3.64
3352,3.55
3353,3.82
3354,3.7
3355,4.27
3356,4.44
3357,4.75
3358,4.52
3359,4.89
3360,4.09
3361,4.52
3362,4.73
3363,4.45
3364,4.35
3365,4.27
3366,4.05
3367,4.01
3368,4.48
3369,4.28
3370,3.89
3371,4.6
3372,4.4
3373,4.63
3374,4.26
3375,4.55
3376,4.28
3377,4.52
3378,4.42
3379,3.67
3380,4.12
3381,4.08
3382,4.39
3383,4.99
3384,4.79
3385,4.48
3386,4.19
3387,4.42
3388,4.62
3389,2.43
3390,4.25
3391,3.53
3392,4.44
3393,4.1
3394,3.87
3395,4.51
3396,3.77
3397,4.46
3398,4.3
3399,4.63
3400,4.2
3401,4.69
3402,4.33
3403,3.7
3404,4.74
3405,4.41
3406,4.19
3407,4.62
3408,3.89
3409,4.87
3410,4.22
3411,4.21
3412,4.57
3413,3.0
3414,4.81
3415,4.24
3416,4.07
3417,3.32
3418,4.33
3419,4.41
3420,4.22
3421,3.27
3422,4.31
3423,4.51
3424,3.54
3425,3.82
3426,4.23
3427,4.35
3428,4.56
3429,4.4
3430,4.54
3431,4.53
3432,4.5
3433,4.41
3434,4.26
3435,4.1
3436,4.48
3437,4.6
3438,4.38
3439,3.4
3440,3.74
3441,3.86
3442,4.8
3443,4.19
3444,3.19
3445,4.44
3446,4.28
3447,2.61
3448,4.66
3449,4.68
3450,4.32
3451,4.27
3452,4.71
3453,4.11
3454,3.15
3455,3.76
3456,4.43
3457,3.76
3458,4.09
3459,4.5
3460,4.21
3461,4.49
3462,2.85
3463,4.37
3464,3.86
3465,3.67
3466,4.74
3467,4.39
3468,4.22
3469,4.89
3470,4.33
3471,3.99
3472,4.83
3473,3.67
3474,4.19
3475,4.66
3476,4.81
3477,4.05
3478,4.1
3479,3.81
3480,4.27
3481,4.08
3482,4.26
3483,4.38
3484,4.42
3485,3.97
3486,3.12
3487,4.53
3488,4.76
3489,4.39
3490,3.95
3491,4.52
3492,4.23
3493,3.94
3494,4.48
3495,4.66
3496,4.44
3497,4.19
3498,4.32
3499,3.57
3500,4.73
3501,4.36
3502,4.39
3503,4.57
3504,4.28
3505,4.6
3506,3.93
3507,3.47
3508,3.35
3509,4.1
3510,4.54
3511,4.46
3512,4.1
3513,3.99
3514,4.14
3515,4.54
3516,4.26
3517,3.98
3518,4.02
3519,4.53
3520,4.93
3521,4.74
3522,4.11
3523,4.86
3524,4.32
3525,4.43
3526,3.95
3527,4.42
3528,4.3
3529,4.35
3530,3.67
3531,3.72
3532,2.94
3533,4.32
3534,4.65
3535,4.1
3536,4.44
3537,4.6
3538,4.44
3539,4.27
3540,4.52
3541,4.3
3542,3.95
3543,3.26
3544,4.02
3545,4.2
3546,3.86
3547,3.97
3548,3.81
3549,4.5
3550,4.49
3551,4.22
3552,4.26
3553,4.82
3554,3.91
3555,4.23
3556,4.64
3557,3.73
3558,4.22
3559,4.57
3560,4.23
3561,4.2
3562,2.74
3563,4.54
3564,4.44
3565,4.1
3566,4.14
3567,4.16
3568,4.1
3569,4.23
3570,4.16
3571,4.59
3572,4.45
3573,4.05
3574,2.76
3575,4.34
3576,4.27
3577,4.21
3578,4.51
3579,4.23
3580,4.2
3581,4.42
3582,4.17
3583,4.28
3584,3.97
3585,3.93
3586,4.72
3587,4.43
3588,4.32
3589,4.14
3590,4.93
3591,4.28
3592,4.41
3593,3.93
3594,4.1
3595,3.69
3596,4.58
3597,3.88
3598,4.2
3599,4.32
3600,4.04
3601,4.03
3602,4.39
3603,4.61
3604,4.03
3605,4.48
3606,3.93
3607,4.04
3608,4.55
3609,4.12
3610,3.92
3611,4.16
3612,4.24
3613,4.16
3614,4.5
3615,4.72
3616,4.02
3617,4.19
3618,4.23
3619,4.07
3620,4.46
3621,4.6
3622,4.28
3623,4.38
3624,4.9
3625,4.48
3626,4.23
3627,4.21
3628,3.76
3629,4.14
3630,4.3
3631,4.76
3632,4.05
3633,4.24
3634,3.77
3635,4.26
3636,3.25
3637,4.33
3638,4.26
3639,4.0
3640,4.31
3641,4.17
3642,4.4
3643,4.64
3644,3.96
3645,4.38
3646,3.51
3647,4.18
3648,3.81
3649,4.24
3650,4.02
3651,3.34
3652,4.78
3653,4.59
3654,4.65
3655,4.07
3656,4.02
3657,4.21
3658,4.01
3659,4.48
3660,2.75
3661,4.34
3662,4.67
3663,4.11
3664,4.35
3665,3.92
3666,4.33
3667,4.34
3668,4.25
3669,4.39
3670,4.01
3671,4.42
3672,4.19
3673,3.94
3674,4.66
3675,4.78
3676,4.66
3677,4.53
3678,4.26
3679,3.59
3680,3.72
3681,4.0
3682,4.66
3683,4.29
3684,3.79
3685,3.41
3686,4.85
3687,4.37
3688,3.89
3689,3.62
3690,3.88
3691,4.6
3692,4.57
3693,4.63
3694,4.13
3695,4.55
3696,3.61
3697,4.63
3698,4.6
3699,4.55
3700,4.86
3701,4.29
3702,4.12
3703,4.59
3704,4.62
3705,3.42
3706,4.61
3707,3.65
3708,4.21
3709,4.13
3710,4.89
3711,4.11
3712,3.7
3713,4.26
3714,4.06
3715,3.56
3716,4.58
3717,4.37
3718,4.04
3719,3.87
3720,3.7
3721,3.71
3722,3.99
3723,4.03
3724,4.24
3725,4.28
3726,3.8
3727,4.59
3728,4.29
3729,4.4
3730,3.99
3731,4.2
3732,4.39
3733,4.05
3734,4.67
3735,4.18
3736,3.64
3737,4.08
3738,4.22
3739,4.17
3740,4.23
3741,4.44
3742,4.03
3743,3.93
3744,4.0
3745,4.3
3746,3.68
3747,4.05
3748,4.38
3749,4.46
3750,4.48
3751,3.86
3752,3.47
3753,4.68
3754,4.16
3755,4.84
3756,4.64
3757,4.05
3758,4.18
3759,4.01
3760,4.07
3761,4.02
3762,4.6
3763,4.7
3764,4.45
3765,4.1
3766,4.39
3767,4.33
3768,4.4
3769,3.9
3770,4.78
3771,4.15
3772,4.47
3773,4.08
3774,4.78
3775,4.78
3776,4.01
3777,4.28
3778,4.25
3779,4.51
3780,4.28
3781,4.8
3782,3.78
3783,4.26
3784,4.66
3785,4.18
3786,4.31
3787,4.42
3788,4.68
3789,3.61
3790,3.95
3791,3.98
3792,4.5
3793,4.73
3794,3.72
3795,3.95
3796,3.93
3797,4.83
3798,4.11
3799,4.18
3800,3.92
3801,4.38
3802,4.41
3803,4.14
3804,3.45
3805,1.66
3806,4.03
3807,4.36
3808,4.52
3809,4.94
3810,3.56
3811,4.26
3812,3.17
3813,4.47
3814,3.97
3815,3.49
3816,4.35
3817,4.26
3818,4.51
3819,4.72
3820,4.05
3821,3.69
3822,4.76
3823,4.36
3824,4.75
3825,4.48
3826,4.16
3827,3.96
3828,4.23
3829,4.73
3830,3.42
3831,3.91
3832,4.01
3833,4.39
3834,3.03
3835,4.61
3836,4.12
3837,4.54
3838,3.86
3839,4.41
3840,3.92
3841,4.59
3842,4.18
3843,4.51
3844,3.72
3845,4.19
3846,3.27
3847,4.43
3848,4.08
3849,4.03
3850,4.24
3851,4.46
3852,4.41
3853,3.61
3854,4.77
3855,4.08
3856,4.24
3857,4.14
3858,4.54
3859,4.57
3860,4.37
3861,4.63
3862,4.23
3863,4.4
3864,4.24
3865,3.74
3866,4.04
3867,4.44
3868,3.94
3869,4.51
3870,4.71
3871,3.78
3872,4.2
3873,4.36
3874,4.11
3875,3.88
3876,4.29
3877,3.49
3878,4.28
3879,4.24
3880,4.8
3881,4.15
3882,4.68
3883,3.79
3884,3.84
3885,3.7
3886,4.68
3887,4.46
3888,2.92
3889,4.48
3890,4.66
3891,4.52
3892,4.6
3893,4.25
3894,4.19
3895,4.65
3896,3.52
3897,4.53
3898,3.29
3899,4.26
3900,3.64
3901,4.41
3902,4.67
3903,3.59
3904,4.29
3905,4.11
3906,3.94
3907,4.06
3908,3.56
3909,3.59
3910,4.01
3911,4.07
3912,4.86
3913,4.44
3914,3.3
3915,4.68
3916,3.85
3917,4.18
3918,4.73
3919,4.62
3920,3.75
3921,4.45
3922,3.89
3923,4.21
3924,4.46
3925,4.25
3926,4.13
3927,4.54
3928,4.03
3929,4.32
3930,4.44
3931,3.98
3932,4.69
3933,4.64
3934,4.41
3935,3.94
3936,4.7
3937,4.95
3938,4.43
3939,3.91
3940,3.58
3941,3.72
3942,4.77
3943,4.18
3944,4.32
3945,2.7
3946,4.81
3947,4.82
3948,4.09
3949,3.46
3950,4.08
3951,4.78
3952,4.68
3953,4.71
3954,4.26
3955,3.75
3956,3.81
3957,4.59
3958,4.64
3959,4.29
3960,4.32
3961,4.55
3962,4.39
3963,4.25
3964,4.84
3965,4.39
3966,4.77
3967,4.25
3968,4.57
3969,4.41
3970,4.05
3971,4.48
3972,4.66
3973,2.75
3974,3.93
3975,3.92
3976,4.11
3977,4.24
3978,4.11
3979,4.03
3980,4.05
3981,4.42
3982,4.12
3983,3.8
3984,3.97
3985,4.49
3986,4.45
3987,4.48
3988,4.9
3989,4.55
3990,4.32
3991,4.31
3992,4.09
3993,3.85
3994,4.78
3995,3.48
3996,4.5
3997,3.69
3998,3.85
3999,3.86
4000,3.87
4001,4.69
4002,3.65
4003,4.65
4004,4.64
4005,4.36
4006,4.31
4007,4.82
4008,4.33
4009,4.53
4010,3.98
4011,4.75
4012,3.9
4013,4.49
4014,4.85
4015,4.31
4016,4.42
4017,4.36
4018,4.68
4019,4.63
4020,3.93
4021,3.86
4022,4.59
4023,4.52
4024,3.73
4025,4.55
4026,4.08
4027,4.13
4028,4.57
4029,3.24
4030,4.71
4031,4.03
4032,4.63
4033,3.76
4034,3.74
4035,4.41
4036,4.45
4037,4.31
4038,4.59
4039,4.06
4040,4.51
4041,3.76
4042,4.34
4043,3.42
4044,4.53
4045,3.66
4046,4.03
4047,4.01
4048,4.49
4049,4.07
4050,4.83
4051,4.62
4052,4.56
4053,3.36
4054,4.44
4055,4.36
4056,4.38
4057,4.06
4058,4.33
4059,4.23
4060,3.92
4061,4.24
4062,4.17
4063,4.8
4064,3.8
4065,4.1
4066,3.99
4067,4.21
4068,4.03
4069,4.17
4070,4.16
4071,4.02
4072,4.18
4073,3.92
4074,3.37
4075,4.52
4076,3.87
4077,4.39
4078,4.25
4079,4.07
4080,4.01
4081,4.83
4082,3.96
4083,4.4
4084,4.52
4085,3.95
4086,4.31
4087,4.14
4088,4.29
4089,4.78
4090,4.26
4091,4.62
4092,4.14
4093,4.69
4094,4.33
4095,4.48
4096,4.16
4097,4.5
4098,4.06
4099,4.28
4100,4.4
4101,3.98
4102,3.91
4103,4.52
4104,4.42
4105,4.24
4106,4.72
4107,3.5
4108,3.26
4109,3.7
4110,4.69
4111,4.84
4112,4.52
4113,3.74
4114,4.0
4115,4.04
4116,4.4
4117,4.17
4118,4.75
4119,4.55
4120,4.0
4121,4.42
4122,4.08
4123,4.17
4124,4.36
4125,4.6
4126,4.81
4127,2.97
4128,4.24
4129,3.55
4130,4.08
4131,3.69
4132,4.07
4133,4.41
4134,4.3
4135,4.77
4136,4.09
4137,4.75
4138,4.68
4139,4.26
4140,4.41
4141,3.7
4142,4.34
4143,3.67
4144,4.15
4145,4.59
4146,4.22
4147,4.52
4148,4.49
4149,4.24
4150,4.73
4151,4.8
4152,3.52
4153,4.15
4154,3.72
4155,3.68
4156,3.9
4157,4.37
4158,3.87
4159,3.69
4160,4.15
4161,4.9
4162,4.59
4163,4.57
4164,4.39
4165,4.19
4166,4.3
4167,4.04
4168,4.11
4169,4.33
4170,4.53
4171,4.56
4172,4.05
4173,3.86
4174,4.66
4175,3.78
4176,3.54
4177,4.15
4178,4.22
4179,4.26
4180,4.02
4181,4.35
4182,4.84
4183,4.47
4184,4.69
4185,4.21
4186,4.38
4187,4.21
4188,3.37
4189,4.47
4190,4.58
4191,3.91
4192,4.47
4193,3.17
4194,3.85
4195,4.6
4196,4.52
4197,4.41
4198,4.06
4199,4.46
4200,4.36
4201,4.52
4202,4.27
4203,4.14
4204,4.65
4205,3.82
4206,4.85
4207,3.99
4208,3.51
4209,4.07
4210,4.4
4211,4.19
4212,4.72
4213,4.6
4214,3.74
4215,4.7
4216,4.74
4217,4.09
4218,4.07
4219,4.02
4220,4.03
4221,4.09
4222,3.69
4223,4.59
4224,4.42
4225,3.99
4226,4.82
4227,4.93
4228,4.04
4229,3.51
4230,4.67
4231,4.33
4232,4.02
4233,4.41
4234,4.11
4235,3.97
4236,4.15
4237,4.61
4238,3.37
4239,4.15
4240,4.34
4241,4.38
4242,4.28
4243,4.35
4244,4.73
4245,3.43
4246,3.61
4247,3.99
4248,4.01
4249,4.42
4250,4.56
4251,4.76
4252,3.36
4253,4.67
4254,4.49
4255,4.12
4256,3.06
4257,4.63
4258,4.12
4259,3.93
4260,4.52
4261,4.27
4262,3.92
4263,4.55
4264,4.38
4265,3.77
4266,4.1
4267,4.4
4268,4.25
4269,4.01
4270,3.85
4271,4.44
4272,4.46
4273,4.88
4274,4.6
4275,3.88
4276,4.79
4277,4.67
4278,4.39
4279,4.84
4280,4.62
4281,3.41
4282,4.55
4283,2.43
4284,4.59
4285,4.54
4286,3.31
4287,4.14
4288,4.59
4289,4.46
4290,3.73
4291,4.37
4292,4.24
4293,4.21
4294,4.47
4295,4.01
4296,4.3
4297,4.39
4298,4.74
4299,4.33
4300,3.67
4301,4.09
4302,4.23
4303,4.19
4304,4.58
4305,4.06
4306,4.58
4307,4.38
4308,3.35
4309,3.86
4310,4.38
4311,4.46
4312,4.3
4313,4.84
4314,4.3
4315,4.57
4316,4.64
4317,3.06
4318,3.79
4319,3.99
4320,3.63
4321,4.87
4322,4.44
4323,4.5
4324,3.71
4325,4.48
4326,4.89
4327,4.63
4328,4.61
4329,4.44
4330,3.59
4331,4.61
4332,4.0
4333,4.05
4334,4.25
4335,4.5
4336,4.42
4337,4.39
4338,3.87
4339,4.46
4340,4.5
4341,4.47
4342,4.54
4343,4.09
4344,3.2
4345,4.67
4346,4.63
4347,4.32
4348,4.65
4349,4.07
4350,4.23
4351,4.15
4352,4.31
4353,4.08
4354,4.44
4355,4.14
4356,3.83
4357,4.09
4358,3.94
4359,4.27
4360,4.41
4361,3.7
4362,4.32
4363,4.62
4364,4.71
4365,4.11
4366,4.59
4367,4.63
4368,4.86
4369,4.6
4370,4.55
4371,3.49
4372,3.03
4373,4.3
4374,4.62
4375,3.82
4376,4.42
4377,4.62
4378,3.06
4379,4.32
4380,4.37
4381,4.01
4382,4.32
4383,3.39
4384,4.28
4385,3.99
4386,3.86
4387,4.01
4388,3.75
4389,4.73
4390,4.29
4391,4.13
4392,4.08
4393,4.42
4394,4.63
4395,4.65
4396,3.94
4397,4.55
4398,3.61
4399,4.03
4400,3.55
4401,4.83
4402,4.59
4403,4.21
4404,4.11
4405,4.0
4406,4.68
4407,3.86
4408,4.41
4409,4.04
4410,4.45
4411,4.5
4412,4.52
4413,4.75
4414,4.59
4415,4.08
4416,4.81
4417,3.05
4418,4.62
4419,4.39
4420,4.38
4421,4.77
4422,3.97
4423,4.6
4424,4.67
4425,4.42
4426,4.25
4427,4.46
4428,3.87
4429,4.41
4430,4.85
4431,4.07
4432,4.08
4433,4.26
4434,3.46
4435,3.65
4436,4.25
4437,3.93
4438,4.68
4439,3.87
4440,4.48
4441,4.54
4442,4.86
4443,4.18
4444,4.03
4445,3.81
4446,4.57
4447,4.08
4448,4.29
4449,4.61
4450,4.35
4451,4.11
4452,4.32
4453,4.54
4454,4.37
4455,3.92
4456,4.75
4457,4.17
4458,3.35
4459,4.59
4460,4.19
4461,4.11
4462,4.06
4463,4.05
4464,4.35
4465,4.45
4466,4.59
4467,4.2
4468,4.15
4469,4.83
4470,4.86
4471,4.39
4472,4.11
4473,3.76
4474,4.83
4475,3.87
4476,3.95
4477,4.16
4478,4.7
4479,4.64
4480,3.94
4481,3.8
4482,4.54
4483,3.86
4484,4.18
4485,3.92
4486,4.48
4487,4.35
4488,4.47
4489,4.35
4490,4.05
4491,4.58
4492,4.13
4493,4.46
4494,2.93
4495,4.34
4496,3.83
4497,4.64
4498,3.93
4499,4.63
4500,4.16
4501,4.03
4502,4.36
4503,4.68
4504,4.77
4505,3.91
4506,4.64
4507,4.26
4508,4.88
4509,4.38
4510,3.74
4511,4.37
4512,4.13
4513,4.62
4514,4.11
4515,3.72
4516,3.53
4517,4.04
4518,4.51
4519,4.68
4520,4.07
4521,4.67
4522,4.39
4523,4.57
4524,4.46
4525,4.95
4526,4.16
4527,4.0
4528,4.33
4529,4.52
4530,4.39
4531,4.14
4532,4.01
4533,4.75
4534,3.99
4535,3.92
4536,4.13
4537,4.14
4538,4.07
4539,4.25
4540,4.65
4541,4.57
4542,4.77
4543,4.23
4544,3.65
4545,4.46
4546,4.11
4547,4.33
4548,4.07
4549,4.52
4550,4.01
4551,4.71
4552,4.21
4553,3.76
4554,4.13
4555,4.1
4556,4.72
4557,3.81
4558,4.41
4559,4.1
4560,3.49
4561,3.5
4562,4.06
4563,4.17
4564,4.61
4565,4.33
4566,3.95
4567,4.33
4568,4.33
4569,4.81
4570,4.51
4571,4.52
4572,3.92
4573,3.91
4574,4.64
4575,4.26
4576,4.28
4577,3.24
4578,4.86
4579,4.32
4580,3.12
4581,4.2
4582,4.72
4583,3.49
4584,4.07
4585,4.69
4586,4.3
4587,4.44
4588,4.45
4589,3.14
4590,4.02
4591,3.78
4592,3.66
4593,4.51
4594,4.11
4595,4.31
4596,4.07
4597,4.84
4598,3.81
4599,3.93
4600,4.77
4601,4.18
4602,4.03
4603,4.36
4604,4.26
4605,4.43
4606,4.32
4607,4.19
4608,4.28
4609,4.57
4610,4.74
4611,4.17
4612,4.32
4613,3.77
4614,4.39
4615,4.28
4616,4.67
4617,4.2
4618,4.29
4619,4.71
4620,3.1
4621,4.51
4622,4.46
4623,4.81
4624,4.35
4625,3.61
4626,4.37
4627,4.48
4628,3.62
4629,4.21
4630,4.44
4631,4.64
4632,4.51
4633,3.44
4634,4.23
4635,4.19
4636,4.7
4637,4.37
4638,4.42
4639,4.78
4640,3.28
4641,4.15
4642,4.32
4643,4.42
4644,4.43
4645,4.11
4646,4.61
4647,3.89
4648,4.01
4649,4.26
4650,3.85
4651,4.54
4652,4.6
4653,4.54
4654,4.15
4655,4.5
4656,4.7
4657,4.39
4658,4.51
4659,4.13
4660,4.71
4661,3.27
4662,4.71
4663,4.27
4664,4.53
4665,4.17
4666,4.59
4667,3.96
4668,4.54
4669,3.54
4670,4.61
4671,3.75
4672,4.67
4673,4.06
4674,3.94
4675,4.06
4676,3.92
4677,4.11
4678,4.72
4679,4.76
4680,4.31
4681,3.96
4682,3.54
4683,4.25
4684,4.52
4685,4.27
4686,4.39
4687,4.77
4688,4.55
4689,4.59
4690,3.82
4691,4.26
4692,4.48
4693,3.85
4694,4.5
4695,3.69
4696,3.99
4697,3.95
4698,4.08
4699,4.6
4700,3.9
4701,4.46
4702,4.29
4703,4.74
4704,4.51
4705,3.95
4706,3.33
4707,4.54
4708,4.27
4709,4.14
4710,4.24
4711,4.19
4712,3.67
4713,4.65
4714,3.37
4715,4.42
4716,4.65
4717,3.99
4718,4.21
4719,4.7
4720,4.57
4721,4.01
4722,3.6
4723,4.84
4724,4.21
4725,4.45
4726,4.35
4727,4.5
4728,3.93
4729,4.44
4730,3.72
4731,4.27
4732,3.97
4733,4.32
4734,4.83
4735,4.11
4736,4.14
4737,4.49
4738,3.87
4739,4.15
4740,4.07
4741,4.75
4742,4.44
4743,4.45
4744,4.91
4745,4.06
4746,3.79
4747,3.56
4748,3.74
4749,4.49
4750,4.16
4751,4.68
4752,3.98
4753,4.19
4754,4.79
4755,4.29
4756,4.48
4757,4.32
4758,4.45
4759,4.61
4760,4.55
4761,3.58
4762,3.56
4763,4.19
4764,3.88
4765,3.93
4766,4.81
4767,3.99
4768,3.95
4769,4.53
4770,3.73
4771,4.56
4772,4.34
4773,4.14
4774,4.63
4775,4.94
4776,3.18
4777,3.8
4778,3.16
4779,4.67
4780,3.45
4781,4.42
4782,4.59
4783,3.43
4784,4.39
4785,4.69
4786,4.06
4787,4.32
4788,4.8
4789,4.66
4790,3.98
4791,4.23
4792,3.88
4793,4.4
4794,2.84
4795,4.06
4796,4.24
4797,3.49
4798,4.25
4799,3.6
4800,4.18
4801,3.53
4802,4.52
4803,3.13
4804,3.44
4805,4.35
4806,4.54
4807,3.88
4808,3.13
4809,4.47
4810,4.06
4811,3.55
4812,3.72
4813,4.26
4814,4.01
4815,4.06
4816,4.26
4817,4.02
4818,4.78
4819,4.06
4820,4.01
4821,4.74
4822,4.78
4823,3.88
4824,4.11
4825,4.5
4826,3.85
4827,4.51
4828,3.54
4829,2.84
4830,4.22
4831,4.0
4832,4.39
4833,3.81
4834,4.69
4835,3.97
4836,4.96
4837,4.23
4838,4.41
4839,4.1
4840,4.5
4841,4.01
4842,4.72
4843,4.09
4844,4.36
4845,4.23
4846,4.42
4847,4.4
4848,4.72
4849,4.84
4850,2.98
4851,4.7
4852,4.93
4853,4.94
4854,3.93
4855,4.4
4856,3.36
4857,4.03
4858,4.55
4859,4.5
4860,4.69
4861,3.9
4862,4.45
4863,4.53
4864,4.1
4865,3.46
4866,4.15
4867,3.93
4868,4.84
4869,3.85
4870,4.33
4871,4.39
4872,4.16
4873,4.68
4874,4.69
4875,4.29
4876,4.73
4877,4.71
4878,4.68
4879,4.57
4880,4.43
4881,3.22
4882,4.09
4883,4.35
4884,2.21
4885,4.64
4886,4.13
4887,4.2
4888,4.61
4889,4.83
4890,4.64
4891,4.03
4892,4.24
4893,3.56
4894,4.45
4895,3.35
4896,3.83
4897,4.64
4898,3.98
4899,4.46
4900,4.74
4901,4.6
4902,4.12
4903,4.13
4904,3.08
4905,3.81
4906,4.38
4907,3.52
4908,4.34
4909,4.19
4910,3.86
4911,4.36
4912,3.76
4913,4.24
4914,3.84
4915,3.88
4916,4.11
4917,4.81
4918,4.22
4919,4.62
4920,3.78
4921,4.45
4922,4.11
4923,4.78
4924,4.27
4925,4.61
4926,4.41
4927,4.33
4928,4.82
4929,4.37
4930,3.97
4931,4.65
4932,4.39
4933,4.49
4934,4.34
4935,4.1
4936,4.31
4937,3.77
4938,4.8
4939,4.38
4940,4.79
4941,4.26
4942,3.84
4943,4.5
4944,4.5
4945,4.48
4946,4.33
4947,4.0
4948,4.68
4949,3.7
4950,4.78
4951,4.56
4952,4.49
4953,4.1
4954,4.14
4955,4.32
4956,4.37
4957,3.79
4958,4.68
4959,4.47
4960,3.76
4961,4.67
4962,4.76
4963,4.51
4964,4.28
4965,4.64
4966,4.02
4967,4.92
4968,3.23
4969,4.29
4970,4.54
4971,4.53
4972,4.24
4973,4.28
4974,4.44
4975,4.36
4976,4.03
4977,4.58
4978,4.45
4979,4.0
4980,4.78
4981,3.95
4982,4.35
4983,4.5
4984,4.21
4985,4.47
4986,3.76
4987,4.33
4988,4.34
4989,3.98
4990,4.35
4991,3.28
4992,4.67
4993,4.19
4994,4.36
4995,3.72
4996,4.22
4997,4.1
4998,4.32
4999,4.04
5000,4.34
5001,4.38
5002,4.38
5003,4.35
5004,4.61
5005,4.04
5006,4.09
5007,4.13
5008,4.48
5009,4.09
5010,4.84
5011,4.09
5012,3.99
5013,4.11
5014,4.7
5015,4.59
5016,3.12
5017,4.19
5018,3.48
5019,3.65
5020,4.0
5021,4.54
5022,4.48
5023,4.5
5024,4.47
5025,3.98
5026,3.38
5027,4.05
5028,4.04
5029,4.53
5030,3.93
5031,4.77
5032,4.58
5033,3.96
5034,4.63
5035,4.86
5036,3.41
5037,4.37
5038,3.84
5039,4.59
5040,4.36
5041,4.1
5042,4.46
5043,3.66
5044,4.16
5045,4.24
5046,3.97
5047,4.77
5048,4.67
5049,4.3
5050,3.95
5051,4.9
5052,4.5
5053,3.78
5054,3.64
5055,3.27
5056,4.66
5057,4.74
5058,4.4
5059,4.58
5060,4.41
5061,4.04
5062,4.05
5063,3.52
5064,4.14
5065,4.0
5066,4.49
5067,4.89
5068,3.67
5069,3.68
5070,4.13
5071,4.81
5072,4.69
5073,3.46
5074,4.39
5075,4.4
5076,4.61
5077,4.03
5078,3.65
5079,4.42
5080,4.8
5081,3.27
5082,4.13
5083,4.6
5084,4.91
5085,4.57
5086,4.27
5087,4.2
5088,3.9
5089,2.99
5090,3.87
5091,4.44
5092,4.29
5093,4.03
5094,4.48
5095,3.47
5096,3.88
5097,4.55
5098,3.82
5099,4.14
5100,4.33
5101,4.41
5102,4.32
5103,4.31
5104,4.12
5105,3.8
5106,4.68
5107,3.64
5108,4.25
5109,3.86
5110,3.7
5111,4.13
5112,4.54
5113,3.81
5114,4.38
5115,4.42
5116,3.42
5117,4.17
5118,3.97
5119,4.32
5120,4.7
5121,4.26
5122,3.45
5123,4.13
5124,4.3
5125,4.66
5126,4.47
5127,4.47
5128,4.7
5129,3.83
5130,4.76
5131,4.57
5132,3.93
5133,4.16
5134,4.09
5135,3.8
5136,4.2
5137,3.87
5138,4.14
5139,4.16
5140,4.52
5141,3.82
5142,4.51
5143,4.84
5144,4.7
5145,4.14
5146,4.56
5147,4.49
5148,4.79
5149,4.59
5150,4.35
5151,3.88
5152,3.66
5153,4.66
5154,2.9
5155,4.31
5156,4.11
5157,3.18
5158,4.18
5159,4.51
5160,4.46
5161,3.94
5162,3.67
5163,3.91
5164,4.18
5165,4.25
5166,4.35
5167,4.45
5168,3.16
5169,4.55
5170,4.15
5171,3.46
5172,3.43
5173,3.9
5174,3.94
5175,3.91
5176,3.88
5177,4.36
5178,4.13
5179,4.87
5180,4.24
5181,4.63
5182,3.23
5183,4.82
5184,4.68
5185,4.77
5186,3.7
5187,4.19
5188,4.21
5189,4.3
5190,4.85
5191,4.88
5192,4.33
5193,4.26
5194,4.3
5195,4.57
5196,3.51
5197,3.49
5198,4.16
5199,4.39
5200,4.43
5201,4.1
5202,3.96
5203,4.17
5204,4.12
5205,3.97
5206,3.97
5207,4.48
5208,3.88
5209,4.22
5210,3.79
5211,3.69
5212,4.11
5213,3.77
5214,4.38
5215,3.92
5216,4.57
5217,4.16
5218,4.47
5219,4.03
5220,4.62
5221,4.74
5222,4.71
5223,3.79
5224,4.54
5225,4.23
5226,4.28
5227,4.58
5228,4.46
5229,4.47
5230,4.66
5231,4.38
5232,3.9
5233,4.3
5234,3.32
5235,4.04
5236,4.5
5237,4.4
5238,4.48
5239,4.28
5240,3.49
5241,3.99
5242,4.5
5243,4.45
5244,4.52
5245,4.18
5246,4.44
5247,4.31
5248,3.94
5249,4.02
5250,4.56
5251,4.02
5252,3.86
5253,4.23
5254,4.15
5255,4.67
5256,3.74
5257,3.96
5258,3.73
5259,4.41
5260,4.33
5261,4.35
5262,3.35
5263,4.71
5264,4.04
5265,4.4
5266,4.63
5267,4.61
5268,4.68
5269,4.33
5270,3.99
5271,4.62
5272,4.63
5273,3.88
5274,4.25
5275,4.9
5276,3.8
5277,3.81
5278,4.45
5279,4.0
5280,4.76
5281,4.0
5282,4.14
5283,4.41
5284,4.4
5285,4.7
5286,4.36
5287,4.39
5288,4.52
5289,4.37
5290,4.42
5291,2.08
5292,3.53
5293,4.14
5294,4.51
5295,4.61
5296,4.47
5297,3.93
5298,3.68
5299,4.61
5300,3.94
5301,4.62
5302,4.23
5303,3.8
5304,4.5
5305,3.34
5306,3.31
5307,4.4
5308,4.53
5309,4.36
5310,4.49
5311,4.39
5312,3.48
5313,4.37
5314,4.85
5315,4.56
5316,4.74
5317,3.93
5318,4.42
5319,4.26
5320,3.22
5321,4.0
5322,4.17
5323,4.31
5324,3.3
5325,4.53
5326,4.54
5327,3.32
5328,4.17
5329,3.95
5330,4.23
5331,3.93
5332,4.23
5333,4.33
5334,4.6
5335,4.64
5336,4.0
5337,4.24
5338,3.48
5339,4.2
5340,3.33
5341,4.29
5342,4.22
5343,4.22
5344,4.37
5345,4.48
5346,4.13
5347,4.04
5348,3.93
5349,3.23
5350,4.66
5351,4.05
5352,3.54
5353,4.75
5354,3.88
5355,4.54
5356,4.13
5357,4.68
5358,4.35
5359,4.39
5360,3.33
5361,4.03
5362,4.42
5363,4.02
5364,4.22
5365,4.51
5366,4.67
5367,4.73
5368,4.42
5369,4.41
5370,4.81
5371,4.11
5372,3.93
5373,4.32
5374,4.1
5375,3.87
5376,4.22
5377,3.69
5378,4.43
5379,4.7
5380,4.79
5381,3.92
5382,4.38
5383,4.19
5384,4.35
5385,3.63
5386,3.99
5387,4.38
5388,4.11
5389,3.45
5390,2.96
5391,4.42
5392,4.06
5393,4.24
5394,4.55
5395,4.47
5396,4.79
5397,4.34
5398,4.44
5399,4.46
5400,3.68
5401,4.23
5402,4.45
5403,4.78
5404,3.93
5405,4.44
5406,4.0
5407,4.6
5408,4.21
5409,4.33
5410,4.44
5411,3.82
5412,4.16
5413,3.7
5414,4.22
5415,4.09
5416,4.7
5417,3.96
5418,3.9
5419,4.37
5420,4.12
5421,3.34
5422,3.5
5423,4.05
5424,4.21
5425,4.07
5426,4.51
5427,4.71
5428,4.42
5429,4.13
5430,4.09
5431,3.96
5432,3.83
5433,3.93
5434,4.49
5435,4.37
5436,3.95
5437,4.35
5438,4.73
5439,4.04
5440,4.68
5441,3.86
5442,4.16
5443,4.32
5444,3.69
5445,3.65
5446,4.34
5447,4.55
5448,4.37
5449,4.91
5450,4.36
5451,3.5
5452,4.3
5453,4.7
5454,4.27
5455,4.6
5456,3.28
5457,4.43
5458,4.08
5459,3.47
5460,3.84
5461,3.91
5462,4.2
5463,4.48
5464,4.46
5465,4.56
5466,4.31
5467,4.45
5468,4.67
5469,4.69
5470,3.53
5471,4.59
5472,4.27
5473,3.99
5474,3.86
5475,3.77
5476,4.13
5477,4.4
5478,4.83
5479,4.52
5480,3.95
5481,3.48
5482,4.45
5483,4.55
5484,4.62
5485,3.4
5486,4.21
5487,4.66
5488,4.82
5489,4.33
5490,3.95
5491,4.83
5492,4.01
5493,4.46
5494,2.39
5495,4.79
5496,4.25
5497,3.69
5498,3.3
5499,4.53
5500,4.82
5501,3.99
5502,4.57
5503,4.4
5504,4.63
5505,3.06
5506,4.32
5507,3.5
5508,2.11
5509,4.7
5510,4.11
5511,4.49
5512,3.96
5513,3.82
5514,4.66
5515,4.37
5516,2.33
5517,3.94
5518,4.46
5519,4.0
5520,3.82
5521,4.41
5522,4.72
5523,4.06
5524,4.57
5525,4.3
5526,4.65
5527,4.08
5528,4.65
5529,4.8
5530,4.68
5531,4.64
5532,4.31
5533,3.94
5534,4.92
5535,4.19
5536,4.1
5537,3.66
5538,3.47
5539,3.56
5540,4.16
5541,4.47
5542,4.16
5543,4.44
5544,4.18
5545,4.48
5546,4.24
5547,4.13
5548,4.33
5549,4.32
5550,4.15
5551,4.56
5552,3.97
5553,4.28
5554,4.75
5555,3.85
5556,4.24
5557,3.77
5558,4.54
5559,4.53
5560,4.84
5561,4.08
5562,3.6
5563,3.93
5564,3.87
5565,4.5
5566,4.79
5567,3.43
5568,4.28
5569,4.28
5570,4.54
5571,4.78
5572,3.97
5573,4.78
5574,4.41
5575,4.75
5576,3.26
5577,4.13
5578,4.13
5579,3.69
5580,3.68
5581,4.64
5582,4.53
5583,4.08
5584,4.05
5585,4.67
5586,4.52
5587,4.26
5588,4.36
5589,3.88
5590,4.0
5591,4.24
5592,4.22
5593,3.98
5594,4.55
5595,4.08
5596,4.01
5597,4.47
5598,4.04
5599,4.07
5600,3.01
5601,4.21
5602,4.48
5603,3.88
5604,4.73
5605,4.26
5606,4.61
5607,4.49
5608,4.12
5609,3.77
5610,3.2
5611,3.98
5612,2.89
5613,4.64
5614,4.3
5615,4.35
5616,4.26
5617,4.15
5618,3.93
5619,4.6
5620,4.48
5621,4.23
5622,4.14
5623,3.84
5624,4.4
5625,4.47
5626,4.28
5627,4.77
5628,3.86
5629,4.61
5630,4.58
5631,4.56
5632,4.47
5633,4.5
5634,4.3
5635,4.36
5636,4.16
5637,4.31
5638,3.71
5639,3.46
5640,4.37
5641,4.48
5642,4.2
5643,4.36
5644,4.28
5645,4.3
5646,4.52
5647,4.76
5648,4.16
5649,4.68
5650,4.12
5651,4.72
5652,3.4
5653,4.76
5654,4.74
5655,4.33
5656,3.91
5657,4.28
5658,4.77
5659,3.07
5660,3.51
5661,3.94
5662,4.1
5663,3.44
5664,4.42
5665,3.9
5666,4.6
5667,4.46
5668,4.43
5669,4.16
5670,4.25
5671,4.34
5672,4.44
5673,3.88
5674,4.55
5675,3.82
5676,4.14
5677,4.67
5678,4.06
5679,3.9
5680,4.2
5681,3.77
5682,4.16
5683,4.66
5684,3.54
5685,4.51
5686,3.71
5687,4.64
5688,3.45
5689,4.73
5690,4.54
5691,4.2
5692,4.05
5693,4.25
5694,4.31
5695,4.74
5696,3.64
5697,4.66
5698,4.81
5699,3.55
5700,4.34
5701,3.99
5702,2.98
5703,4.03
5704,4.71
5705,4.83
5706,4.5
5707,4.0
5708,4.5
5709,4.16
5710,4.08
5711,4.59
5712,4.86
5713,4.7
5714,3.56
5715,4.46
5716,3.96
5717,4.68
5718,4.86
5719,4.01
5720,4.34
5721,4.59
5722,4.84
5723,4.46
5724,3.91
5725,4.42
5726,4.25
5727,4.3
5728,3.71
5729,3.88
5730,4.6
5731,4.54
5732,4.18
5733,4.08
5734,4.41
5735,4.23
5736,4.48
5737,4.36
5738,3.14
5739,4.31
5740,4.0
5741,3.96
5742,4.3
5743,3.98
5744,3.62
5745,3.42
5746,4.28
5747,3.44
5748,4.72
5749,4.48
5750,4.42
5751,3.7
5752,4.86
5753,4.54
5754,4.35
5755,4.5
5756,4.21
5757,3.85
5758,4.35
5759,4.68
5760,4.38
5761,4.29
5762,4.14
5763,4.6
5764,4.14
5765,4.37
5766,4.42
5767,4.73
5768,3.99
5769,4.43
5770,4.39
5771,4.51
5772,3.66
5773,4.74
5774,4.54
5775,4.44
5776,4.1
5777,1.79
5778,4.79
5779,4.56
5780,4.17
5781,3.76
5782,3.77
5783,4.6
5784,4.53
5785,4.45
5786,4.13
5787,4.55
5788,3.93
5789,3.65
5790,4.15
5791,4.25
5792,4.34
5793,4.98
5794,4.51
5795,4.52
5796,4.55
5797,4.44
5798,3.83
5799,4.58
5800,4.41
5801,4.92
5802,3.84
5803,3.7
5804,4.71
5805,4.14
5806,3.72
5807,4.74
5808,2.56
5809,4.43
5810,4.83
5811,4.42
5812,4.09
5813,3.73
5814,3.87
5815,4.73
5816,4.18
5817,3.63
5818,4.15
5819,4.2
5820,4.33
5821,4.62
5822,4.62
5823,3.15
5824,3.52
5825,4.31
5826,4.28
5827,4.08
5828,3.72
5829,1.82
5830,4.17
5831,4.3
5832,4.5
5833,3.93
5834,3.89
5835,4.7
5836,4.5
5837,4.36
5838,4.6
5839,4.87
5840,3.88
5841,4.07
5842,3.78
5843,4.41
5844,4.06
5845,4.27
5846,4.41
5847,4.38
5848,4.81
5849,4.42
5850,3.2
5851,4.79
5852,4.34
5853,4.22
5854,4.13
5855,4.28
5856,3.87
5857,4.23
5858,4.34
5859,3.46
5860,4.17
5861,4.32
5862,4.47
5863,3.64
5864,4.59
5865,4.4
5866,3.5
5867,4.56
5868,4.03
5869,4.42
5870,4.57
5871,4.72
5872,4.1
5873,4.07
5874,4.03
5875,4.29
5876,4.44
5877,3.69
5878,3.62
5879,4.12
5880,4.49
5881,4.12
5882,4.06
5883,3.28
5884,4.33
5885,3.67
5886,4.74
5887,4.07
5888,2.92
5889,4.2
5890,3.62
5891,3.24
5892,4.74
5893,4.2
5894,4.56
5895,4.58
5896,4.46
5897,4.61
5898,4.68
5899,4.05
5900,4.52
5901,4.03
5902,4.28
5903,4.21
5904,3.87
5905,4.0
5906,4.18
5907,4.18
5908,4.21
5909,3.79
5910,4.32
5911,2.17
5912,4.71
5913,3.95
5914,4.68
5915,4.58
5916,3.43
5917,4.33
5918,4.79
5919,4.69
5920,4.29
5921,4.64
5922,3.53
5923,3.9
5924,4.14
5925,3.8
5926,4.37
5927,2.8
5928,4.79
5929,3.76
5930,4.2
5931,4.33
5932,4.69
5933,4.49
5934,4.47
5935,4.64
5936,4.86
5937,3.53
5938,4.64
5939,3.96
5940,4.67
5941,3.9
5942,4.67
5943,4.38
5944,4.36
5945,3.61
5946,4.56
5947,4.52
5948,4.6
5949,4.71
5950,3.93
5951,3.93
5952,4.04
5953,4.09
5954,4.45
5955,4.22
5956,3.96
5957,3.95
5958,3.88
5959,4.57
5960,4.31
5961,4.51
5962,4.3
5963,4.15
5964,4.53
5965,3.68
5966,3.71
5967,3.98
5968,4.56
5969,4.48
5970,4.06
5971,4.53
5972,4.04
5973,4.87
5974,4.36
5975,4.19
5976,4.66
5977,4.05
5978,4.11
5979,4.36
5980,4.44
5981,3.71
5982,4.3
5983,4.78
5984,4.09
5985,3.85
5986,4.01
5987,4.45
5988,3.78
5989,4.36
5990,3.81
5991,4.07
5992,4.44
5993,3.78
5994,4.58
5995,4.41
5996,4.56
5997,3.93
5998,2.59
5999,4.31
6000,4.52
6001,3.57
6002,4.55
6003,4.01
6004,4.75
6005,3.24
6006,4.55
6007,4.0
6008,4.73
6009,4.62
6010,3.12
6011,3.81
6012,4.33
6013,3.87
6014,4.59
6015,3.98
6016,4.05
6017,3.86
6018,4.76
6019,3.35
6020,3.55
6021,4.07
6022,4.08
6023,4.01
6024,3.59
6025,3.94
6026,4.34
6027,4.62
6028,4.38
6029,5.0
6030,4.46
6031,4.44
6032,4.42
6033,4.16
6034,3.63
6035,4.66
6036,4.19
6037,3.75
6038,4.12
6039,4.37
6040,4.16
6041,4.15
6042,4.52
6043,3.75
6044,4.09
6045,4.6
6046,4.21
6047,4.48
6048,4.62
6049,3.48
6050,4.67
6051,4.08
6052,4.04
6053,4.13
6054,4.24
6055,4.69
6056,4.23
6057,4.09
6058,4.1
6059,4.22
6060,4.53
6061,4.02
6062,4.57
6063,3.65
6064,3.7
6065,4.7
6066,3.76
6067,3.84
6068,4.5
6069,4.2
6070,4.17
6071,3.92
6072,4.72
6073,4.68
6074,3.63
6075,4.55
6076,3.11
6077,3.93
6078,4.3
6079,4.94
6080,4.58
6081,4.04
6082,3.62
6083,4.32
6084,3.87
6085,4.24
6086,4.37
6087,4.5
6088,4.52
6089,4.57
6090,3.6
6091,4.17
6092,4.44
6093,3.28
6094,4.8
6095,4.26
6096,4.84
6097,4.2
6098,4.22
6099,4.39
6100,3.99
6101,3.78
6102,4.2
6103,4.01
6104,4.19
6105,4.66
6106,4.51
6107,4.42
6108,3.75
6109,4.82
6110,4.59
6111,4.38
6112,4.43
6113,4.55
6114,4.04
6115,4.29
6116,4.1
6117,3.06
6118,4.0
6119,4.39
6120,4.79
6121,4.33
6122,4.2
6123,3.68
6124,4.59
6125,3.91
6126,3.4
6127,4.61
6128,3.76
6129,4.6
6130,3.11
6131,4.26
6132,4.65
6133,4.42
6134,4.14
6135,3.84
6136,4.42
6137,3.33
6138,4.54
6139,3.88
6140,4.12
6141,4.89
6142,4.48
6143,3.86
6144,4.0
6145,4.36
6146,4.52
6147,4.05
6148,4.77
6149,4.6
6150,4.61
6151,3.79
6152,4.64
6153,4.3
6154,3.74
6155,4.58
6156,4.06
6157,4.41
6158,4.64
6159,4.52
6160,3.67
6161,4.53
6162,4.71
6163,4.2
6164,4.63
6165,4.74
6166,4.51
6167,2.68
6168,4.47
6169,3.8
6170,2.1
6171,4.28
6172,4.34
6173,4.25
6174,3.81
6175,4.64
6176,4.22
6177,4.25
6178,3.85
6179,4.3
6180,4.34
6181,4.74
6182,4.64
6183,4.73
6184,4.41
6185,4.2
6186,4.14
6187,4.22
6188,4.61
6189,4.0
6190,3.98
6191,4.72
6192,4.87
6193,4.44
6194,4.27
6195,4.43
6196,4.51
6197,4.5
6198,4.13
6199,4.02
6200,3.18
6201,4.37
6202,4.55
6203,4.16
6204,4.22
6205,3.49
6206,4.74
6207,4.57
6208,3.01
6209,3.64
6210,4.32
6211,4.63
6212,3.56
6213,4.79
6214,4.43
6215,4.81
6216,3.96
6217,4.44
6218,4.36
6219,3.38
6220,3.99
6221,3.45
6222,4.07
6223,4.2
6224,4.25
6225,4.23
6226,3.77
6227,4.19
6228,4.58
6229,4.25
6230,3.42
6231,4.31
6232,4.64
6233,3.53
6234,4.28
6235,3.67
6236,3.65
6237,4.88
6238,4.52
6239,4.78
6240,3.5
6241,4.5
6242,4.15
6243,4.14
6244,4.21
6245,4.39
6246,4.21
6247,4.42
6248,4.48
6249,3.58
6250,4.5
6251,4.48
6252,3.89
6253,4.32
6254,4.19
6255,4.31
6256,4.62
6257,3.94
6258,4.65
6259,4.02
6260,4.63
6261,4.28
6262,4.03
6263,4.61
6264,4.52
6265,4.02
6266,4.6
6267,4.42
6268,3.42
6269,4.45
6270,4.31
6271,4.09
6272,3.18
6273,3.67
6274,3.6
6275,4.57
6276,3.76
6277,4.84
6278,4.0
6279,4.64
6280,3.34
6281,4.58
6282,4.04
6283,3.96
6284,4.29
6285,4.83
6286,4.52
6287,4.15
6288,4.32
6289,4.1
6290,4.54
6291,4.22
6292,4.87
6293,4.37
6294,4.16
6295,3.61
6296,4.34
6297,4.14
6298,3.73
6299,4.72
6300,3.68
6301,3.94
6302,3.87
6303,4.65
6304,4.42
6305,4.27
6306,4.74
6307,4.49
6308,4.52
6309,4.56
6310,4.69
6311,4.35
6312,4.42
6313,3.46
6314,4.33
6315,4.72
6316,2.5
6317,4.19
6318,4.05
6319,3.3
6320,3.74
6321,3.77
6322,4.13
6323,4.21
6324,4.49
6325,4.56
6326,3.81
6327,4.29
6328,3.64
6329,4.53
6330,4.6
6331,3.58
6332,4.15
6333,4.25
6334,4.22
6335,4.8
6336,3.7
6337,4.4
6338,3.44
6339,3.99
6340,4.32
6341,4.16
6342,4.01
6343,4.74
6344,4.44
6345,4.53
6346,4.25
6347,4.65
6348,4.08
6349,3.72
6350,4.92
6351,4.08
6352,4.44
6353,4.76
6354,4.25
6355,4.68
6356,4.61
6357,3.03
6358,4.13
6359,4.37
6360,2.69
6361,4.0
6362,4.0
6363,3.91
6364,4.73
6365,4.81
6366,4.36
6367,4.32
6368,4.67
6369,4.61
6370,4.3
6371,4.68
6372,3.26
6373,3.85
6374,4.67
6375,4.64
6376,3.74
6377,4.28
6378,4.22
6379,3.81
6380,4.52
6381,3.99
6382,4.34
6383,4.5
6384,4.35
6385,4.35
6386,4.11
6387,4.6
6388,3.87
6389,3.83
6390,4.16
6391,4.05
6392,4.71
6393,4.93
6394,4.5
6395,4.42
6396,4.2
6397,3.47
6398,4.21
6399,4.3
6400,4.59
6401,4.41
6402,4.59
6403,2.85
6404,3.73
6405,4.72
6406,4.68
6407,4.53
6408,3.51
6409,4.62
6410,4.25
6411,4.28
6412,3.59
6413,4.22
6414,4.52
6415,3.97
6416,4.32
6417,3.61
6418,4.47
6419,4.49
6420,4.31
6421,3.76
6422,4.48
6423,4.26
6424,4.6
6425,3.95
6426,4.12
6427,4.56
6428,4.34
6429,4.49
6430,4.04
6431,4.17
6432,4.33
6433,4.9
6434,3.85
6435,4.43
6436,3.67
6437,4.06
6438,3.77
6439,4.38
6440,4.34
6441,4.12
6442,4.24
6443,4.76
6444,4.33
6445,3.91
6446,4.45
6447,3.38
6448,3.85
6449,4.97
6450,4.34
6451,3.79
6452,3.44
6453,4.46
6454,4.46
6455,4.77
6456,4.5
6457,4.03
6458,4.28
6459,3.81
6460,3.96
6461,4.8
6462,4.17
6463,4.59
6464,4.44
6465,4.59
6466,4.15
6467,4.47
6468,3.84
6469,4.31
6470,4.18
6471,4.52
6472,4.12
6473,4.52
6474,4.12
6475,4.08
6476,4.1
6477,4.66
6478,4.73
6479,4.52
6480,4.68
6481,3.97
6482,4.08
6483,4.07
6484,4.56
6485,3.51
6486,3.57
6487,4.33
6488,4.75
6489,4.13
6490,4.19
6491,4.46
6492,4.01
6493,4.59
6494,4.43
6495,4.44
6496,3.41
6497,3.58
6498,4.7
6499,3.59
6500,4.34
6501,4.14
6502,4.33
6503,4.28
6504,4.58
6505,4.34
6506,4.62
6507,4.59
6508,4.79
6509,4.35
6510,4.19
6511,4.52
6512,4.78
6513,4.76
6514,4.18
6515,4.76
6516,3.9
6517,4.76
6518,4.24
6519,4.14
6520,3.96
6521,4.1
6522,3.79
6523,4.26
6524,4.86
6525,4.57
6526,4.13
6527,4.29
6528,4.47
6529,4.08
6530,3.9
6531,4.48
6532,4.47
6533,4.36
6534,4.8
6535,4.34
6536,4.03
6537,4.44
6538,3.13
6539,3.72
6540,4.57
6541,4.6
6542,3.74
6543,4.07
6544,4.06
6545,4.61
6546,4.67
6547,4.32
6548,3.76
6549,3.96
6550,4.85
6551,4.63
6552,4.03
6553,4.42
6554,4.68
6555,4.58
6556,4.6
6557,4.78
6558,3.63
6559,4.55
6560,4.55
6561,4.71
6562,4.04
6563,3.96
6564,3.13
6565,4.07
6566,4.1
6567,4.33
6568,4.67
6569,4.48
6570,4.81
6571,4.48
6572,4.02
6573,4.8
6574,3.56
6575,4.56
6576,4.31
6577,4.29
6578,4.08
6579,4.37
6580,4.48
6581,4.33
6582,3.36
6583,4.18
6584,4.13
6585,4.42
6586,3.65
6587,3.96
6588,4.06
6589,4.59
6590,4.26
6591,4.05
6592,4.42
6593,4.54
6594,4.38
6595,4.71
6596,4.92
6597,4.69
6598,4.57
6599,4.35
6600,3.54
6601,4.52
6602,4.31
6603,4.17
6604,4.04
6605,4.0
6606,3.33
6607,4.84
6608,3.78
6609,4.29
6610,3.55
6611,4.24
6612,3.37
6613,4.5
6614,4.51
6615,3.74
6616,3.57
6617,3.54
6618,4.21
6619,4.26
6620,3.54
6621,4.57
6622,4.41
6623,4.22
6624,4.21
6625,3.8
6626,4.12
6627,4.07
6628,4.77
6629,4.25
6630,3.89
6631,4.4
6632,4.26
6633,4.02
6634,4.55
6635,3.88
6636,4.22
6637,4.73
6638,4.64
6639,4.35
6640,3.68
6641,4.61
6642,4.5
6643,4.41
6644,4.03
6645,3.82
6646,4.8
6647,3.73
6648,3.58
6649,4.26
6650,4.63
6651,4.23
6652,4.76
6653,4.61
6654,4.76
6655,4.27
6656,4.85
6657,4.46
6658,3.99
6659,3.6
6660,4.28
6661,4.92
6662,4.45
6663,4.81
6664,4.15
6665,4.04
6666,4.1
6667,3.86
6668,4.08
6669,3.73
6670,4.65
6671,4.34
6672,4.4
6673,4.47
6674,3.86
6675,4.39
6676,4.49
6677,3.9
6678,4.12
6679,4.1
6680,3.96
6681,4.61
6682,4.62
6683,3.57
6684,4.17
6685,4.42
6686,4.72
6687,4.16
6688,4.86
6689,3.33
6690,4.07
6691,4.44
6692,4.07
6693,4.89
6694,4.69
6695,3.89
6696,4.48
6697,4.3
6698,4.33
6699,4.08
6700,4.97
6701,3.7
6702,4.11
6703,4.66
6704,4.65
6705,4.27
6706,4.26
6707,4.82
6708,4.29
6709,4.25
6710,4.16
6711,4.2
6712,4.6
6713,4.16
6714,4.46
6715,4.82
6716,4.24
6717,4.46
6718,4.27
6719,4.07
6720,4.16
6721,4.45
6722,4.14
6723,4.26
6724,3.95
6725,4.0
6726,4.58
6727,4.42
6728,4.19
6729,3.67
6730,4.51
6731,4.18
6732,4.5
6733,4.19
6734,4.31
6735,4.61
6736,4.39
6737,4.48
6738,4.39
6739,4.93
6740,4.43
6741,4.8
6742,4.37
6743,4.3
6744,4.4
6745,4.23
6746,4.23
6747,4.2
6748,4.09
6749,3.88
6750,3.81
6751,3.56
6752,4.41
6753,4.3
6754,3.73
6755,2.69
6756,4.56
6757,4.53
6758,4.11
6759,4.6
6760,4.19
6761,4.3
6762,3.77
6763,4.76
6764,3.94
6765,4.66
6766,3.12
6767,4.67
6768,4.58
6769,4.21
6770,3.98
6771,4.37
6772,3.86
6773,3.98
6774,3.79
6775,4.35
6776,4.27
6777,2.44
6778,4.21
6779,4.63
6780,4.28
6781,4.45
6782,3.06
6783,4.42
6784,4.08
6785,3.89
6786,3.5
6787,4.34
6788,4.63
6789,4.37
6790,4.06
6791,4.54
6792,4.27
6793,4.69
6794,4.02
6795,3.94
6796,4.16
6797,4.38
6798,4.72
6799,4.18
6800,4.62
6801,3.26
6802,4.6
6803,4.74
6804,3.37
6805,3.91
6806,4.37
6807,4.05
6808,3.84
6809,4.56
6810,3.9
6811,3.22
6812,3.5
6813,4.39
6814,3.96
6815,4.17
6816,4.67
6817,4.81
6818,3.4
6819,4.48
6820,3.31
6821,4.66
6822,4.41
6823,4.75
6824,3.81
6825,4.11
6826,3.32
6827,4.2
6828,3.55
6829,4.47
6830,3.78
6831,2.91
6832,4.5
6833,4.36
6834,4.65
6835,4.51
6836,4.61
6837,4.3
6838,4.5
6839,4.68
6840,4.58
6841,3.93
6842,4.47
6843,3.92
6844,3.77
6845,3.83
6846,3.85
6847,3.96
6848,4.12
6849,4.75
6850,4.65
6851,4.7
6852,4.73
6853,4.48
6854,4.44
6855,4.05
6856,4.09
6857,4.11
6858,4.57
6859,4.18
6860,4.53
6861,4.6
6862,3.9
6863,3.87
6864,3.96
6865,3.64
6866,4.05
6867,4.35
6868,4.48
6869,3.89
6870,4.27
6871,4.01
6872,3.78
6873,4.32
6874,3.27
6875,3.6
6876,4.14
6877,4.16
6878,4.17
6879,4.41
6880,4.08
6881,4.51
6882,4.16
6883,4.26
6884,4.07
6885,4.33
6886,4.35
6887,3.51
6888,3.97
6889,4.32
6890,4.23
6891,4.45
6892,4.11
6893,4.01
6894,4.61
6895,4.35
6896,4.22
6897,4.55
6898,4.55
6899,4.31
6900,4.14
6901,4.19
6902,4.42
6903,3.93
6904,4.51
6905,4.6
6906,4.28
6907,3.51
6908,3.61
6909,4.27
6910,4.28
6911,4.29
6912,4.69
6913,3.35
6914,4.44
6915,4.2
6916,4.59
6917,3.62
6918,4.02
6919,4.32
6920,4.53
6921,4.15
6922,4.16
6923,4.0
6924,4.31
6925,4.61
6926,4.35
6927,4.33
6928,4.88
6929,4.49
6930,4.3
6931,4.13
6932,4.67
6933,4.19
6934,4.62
6935,4.61
6936,3.97
6937,3.93
6938,4.18
6939,3.56
6940,4.18
6941,4.73
6942,4.53
6943,4.37
6944,4.33
6945,4.16
6946,3.92
6947,2.09
6948,4.65
6949,4.3
6950,3.72
6951,4.23
6952,3.55
6953,4.53
6954,3.36
6955,4.54
6956,4.42
6957,4.68
6958,4.64
6959,3.97
6960,4.5
6961,4.25
6962,4.62
6963,3.91
6964,4.37
6965,4.45
6966,3.65
6967,3.7
6968,4.36
6969,4.51
6970,4.46
6971,3.91
6972,3.59
6973,4.29
6974,4.14
6975,2.43
6976,3.81
6977,4.56
6978,4.65
6979,4.6
6980,3.97
6981,3.88
6982,4.26
6983,4.16
6984,4.46
6985,3.77
6986,4.19
6987,4.53
6988,4.48
6989,3.95
6990,4.57
6991,4.54
6992,4.44
6993,4.23
6994,3.94
6995,3.48
6996,4.55
6997,4.25
6998,4.45
6999,4.53
7000,4.43
7001,4.26
7002,3.95
7003,4.0
7004,4.26
7005,4.84
7006,4.28
7007,4.0
7008,3.74
7009,3.84
7010,3.84
7011,3.36
7012,3.68
7013,4.49
7014,3.52
7015,4.52
7016,3.83
7017,4.76
7018,4.89
7019,4.59
7020,4.17
7021,4.88
7022,4.63
7023,4.57
7024,4.23
7025,4.26
7026,4.08
7027,4.1
7028,4.18
7029,3.94
7030,3.69
7031,3.98
7032,3.94
7033,3.31
7034,4.38
7035,3.73
7036,4.27
7037,4.74
7038,4.81
7039,4.26
7040,3.67
7041,4.5
7042,4.7
7043,3.63
7044,4.36
7045,4.63
7046,4.57
7047,4.53
7048,4.05
7049,3.84
7050,4.44
7051,3.75
7052,4.05
7053,3.77
7054,4.09
7055,3.52
7056,4.35
7057,4.13
7058,4.55
7059,3.93
7060,4.03
7061,4.05
7062,4.51
7063,4.33
7064,2.33
7065,4.62
7066,4.38
7067,4.33
7068,4.35
7069,3.82
7070,4.61
7071,4.81
7072,4.35
7073,3.59
7074,4.36
7075,4.6
7076,3.49
7077,4.02
7078,4.24
7079,4.18
7080,3.11
7081,3.8
7082,4.05
7083,4.01
7084,4.28
7085,4.88
7086,3.49
7087,4.54
7088,4.2
7089,4.22
7090,4.33
7091,4.56
7092,4.47
7093,4.7
7094,4.83
7095,4.51
7096,3.78
7097,4.15
7098,4.12
7099,4.28
7100,3.76
7101,4.51
7102,4.37
7103,4.05
7104,4.27
7105,4.17
7106,4.08
7107,4.71
7108,4.01
7109,4.73
7110,4.09
7111,3.8
7112,4.47
7113,4.64
7114,4.39
7115,4.78
7116,4.62
7117,3.98
7118,3.05
7119,3.94
7120,4.46
7121,4.4
7122,4.35
7123,4.7
7124,4.51
7125,4.62
7126,4.11
7127,4.51
7128,4.53
7129,4.62
7130,4.5
7131,4.35
7132,3.44
7133,4.3
7134,4.11
7135,4.37
7136,4.58
7137,4.72
7138,4.78
7139,3.9
7140,4.14
7141,3.61
7142,4.06
7143,4.6
7144,3.97
7145,4.76
7146,4.28
7147,3.94
7148,4.33
7149,3.82
7150,4.15
7151,3.05
7152,4.07
7153,4.02
7154,4.15
7155,3.38
7156,4.02
7157,4.41
7158,4.25
7159,4.2
7160,4.47
7161,4.64
7162,3.88
7163,4.31
7164,4.22
7165,4.43
7166,4.21
7167,2.79
7168,4.21
7169,4.72
7170,4.14
7171,4.48
7172,4.11
7173,4.64
7174,4.72
7175,4.0
7176,4.85
7177,3.29
7178,4.24
7179,4.17
7180,4.21
7181,4.49
7182,4.6
7183,4.53
7184,4.13
7185,4.46
7186,4.57
7187,4.67
7188,4.07
7189,4.2
7190,3.99
7191,3.64
7192,4.51
7193,4.39
7194,4.88
7195,4.62
7196,4.22
7197,3.69
7198,4.76
7199,4.08
7200,3.82
7201,4.54
7202,4.46
7203,2.01
7204,4.28
7205,3.91
7206,4.03
7207,4.61
7208,4.3
7209,4.32
7210,4.81
7211,3.92
7212,4.39
7213,4.28
7214,4.49
7215,4.03
7216,4.07
7217,3.91
7218,4.06
7219,4.18
7220,3.96
7221,4.42
7222,3.54
7223,4.34
7224,3.33
7225,4.02
7226,4.21
7227,4.57
7228,4.16
7229,4.51
7230,4.77
7231,4.55
7232,4.57
7233,3.82
7234,4.07
7235,4.38
7236,4.09
7237,4.05
7238,4.44
7239,3.79
7240,4.35
7241,3.96
7242,4.26
7243,4.34
7244,4.49
7245,4.12
7246,4.08
7247,4.65
7248,4.49
7249,4.06
7250,4.36
7251,4.4
7252,4.43
7253,4.39
7254,3.3
7255,4.21
7256,4.88
7257,3.83
7258,4.9
7259,4.1
7260,4.29
7261,4.25
7262,4.62
7263,4.23
7264,4.77
7265,4.73
7266,3.65
7267,4.04
7268,4.12
7269,3.67
7270,4.49
7271,4.34
7272,4.21
7273,3.98
7274,3.62
7275,4.48
7276,4.29
7277,3.48
7278,4.58
7279,4.37
7280,2.77
7281,2.94
7282,4.61
7283,3.88
7284,4.85
7285,3.95
7286,4.71
7287,4.61
7288,4.48
7289,4.16
7290,3.42
7291,3.84
7292,4.66
7293,4.38
7294,4.26
7295,4.39
7296,4.2
7297,3.84
7298,4.64
7299,4.15
7300,4.51
7301,4.75
7302,4.51
7303,4.36
7304,4.08
7305,4.55
7306,3.99
7307,4.58
7308,4.69
7309,3.34
7310,4.29
7311,3.66
7312,3.92
7313,4.14
7314,4.17
7315,4.26
7316,4.66
7317,4.21
7318,4.27
7319,4.81
7320,3.89
7321,3.97
7322,4.55
7323,4.01
7324,4.75
7325,4.48
7326,4.04
7327,4.16
7328,4.2
7329,2.52
7330,3.16
7331,4.46
7332,4.47
7333,3.88
7334,4.39
7335,4.52
7336,3.12
7337,3.87
7338,3.07
7339,3.81
7340,4.27
7341,3.88
7342,4.73
7343,4.4
7344,4.21
7345,4.32
7346,4.57
7347,4.03
7348,4.01
7349,4.45
7350,3.73
7351,3.77
7352,4.12
7353,4.25
7354,3.76
7355,4.78
7356,4.47
7357,3.62
7358,4.27
7359,3.69
7360,3.93
7361,3.97
7362,4.56
7363,3.67
7364,4.63
7365,3.8
7366,3.97
7367,4.42
7368,4.52
7369,4.57
7370,4.57
7371,4.48
7372,4.63
7373,4.23
7374,4.15
7375,3.76
7376,3.96
7377,4.18
7378,4.04
7379,3.75
7380,4.01
7381,4.34
7382,4.29
7383,3.75
7384,4.13
7385,4.39
7386,4.37
7387,4.37
7388,4.38
7389,4.44
7390,4.51
7391,4.4
7392,4.28
7393,4.59
7394,4.38
7395,4.23
7396,3.88
7397,4.0
7398,4.28
7399,4.25
7400,3.54
7401,4.58
7402,3.78
7403,4.72
7404,4.47
7405,4.51
7406,4.4
7407,3.35
7408,3.93
7409,4.4
7410,4.19
7411,4.21
7412,4.82
7413,3.88
7414,4.65
7415,3.8
7416,3.01
7417,4.26
7418,3.73
7419,3.53
7420,3.64
7421,4.69
7422,4.37
7423,4.4
7424,4.54
7425,4.41
7426,4.52
7427,4.86
7428,4.68
7429,4.21
7430,3.87
7431,3.94
7432,3.9
7433,3.89
7434,2.71
7435,4.5
7436,4.49
7437,4.29
7438,4.65
7439,4.42
7440,4.47
7441,4.82
7442,4.0
7443,3.23
7444,4.62
7445,4.16
7446,4.0
7447,4.43
7448,4.68
7449,4.68
7450,4.16
7451,2.39
7452,4.07
7453,4.32
7454,3.97
7455,4.72
7456,3.85
7457,3.83
7458,3.06
7459,4.35
7460,3.59
7461,4.62
7462,4.63
7463,3.65
7464,4.25
7465,3.68
7466,4.07
7467,4.3
7468,4.5
7469,4.14
7470,4.39
7471,2.66
7472,4.16
7473,4.17
7474,4.51
7475,4.59
7476,4.24
7477,4.38
7478,4.68
7479,4.48
7480,4.04
7481,4.4
7482,4.68
7483,4.83
7484,4.06
7485,4.35
7486,4.1
7487,4.5
7488,4.61
7489,4.34
7490,4.3
7491,4.55
7492,3.85
7493,4.31
7494,4.6
7495,4.34
7496,3.76
7497,4.4
7498,4.18
7499,4.45
7500,4.9
7501,4.44
7502,3.07
7503,4.16
7504,4.75
7505,4.24
7506,4.43
7507,4.67
7508,4.53
7509,3.88
7510,3.85
7511,3.73
7512,4.25
7513,4.59
7514,4.66
7515,3.98
7516,4.1
7517,3.11
7518,4.65
7519,4.53
7520,4.68
7521,4.5
7522,4.12
7523,4.5
7524,4.55
7525,4.56
7526,4.64
7527,4.13
7528,4.57
7529,3.74
7530,4.26
7531,3.66
7532,4.1
7533,3.87
7534,4.74
7535,4.27
7536,4.51
7537,3.98
7538,4.22
7539,4.68
7540,4.36
7541,4.34
7542,3.09
7543,3.96
7544,4.44
7545,3.62
7546,3.86
7547,4.13
7548,4.37
7549,4.17
7550,4.24
7551,4.18
7552,4.48
7553,4.36
7554,4.58
7555,4.24
7556,4.38
7557,3.97
7558,4.27
7559,4.14
7560,4.57
7561,4.1
7562,4.66
7563,4.34
7564,4.22
7565,3.96
7566,3.84
7567,3.83
7568,3.8
7569,4.37
7570,3.82
7571,4.55
7572,3.23
7573,4.55
7574,4.34
7575,4.3
7576,3.5
7577,3.16
7578,4.39
7579,4.13
7580,2.81
7581,1.53
7582,3.55
7583,4.73
7584,3.62
7585,4.34
7586,4.34
7587,4.34
7588,4.0
7589,4.11
7590,4.66
7591,4.31
7592,4.38
7593,4.3
7594,4.62
7595,3.58
7596,4.36
7597,4.63
7598,4.31
7599,4.68
7600,4.01
7601,3.89
7602,4.19
7603,4.62
7604,4.51
7605,4.6
7606,4.7
7607,3.34
7608,4.27
7609,4.69
7610,4.1
7611,4.65
7612,4.26
7613,3.66
7614,3.85
7615,4.1
7616,4.47
7617,4.73
7618,4.44
7619,4.54
7620,4.28
7621,4.31
7622,4.06
7623,4.45
7624,4.76
7625,4.05
7626,4.55
7627,4.83
7628,3.43
7629,3.83
7630,3.35
7631,4.58
7632,4.69
7633,4.56
7634,4.52
7635,4.53
7636,4.66
7637,4.26
7638,4.54
7639,4.35
7640,3.98
7641,2.96
7642,4.18
7643,3.74
7644,4.68
7645,4.41
7646,4.3
7647,4.57
7648,4.54
7649,3.76
7650,4.03
7651,4.28
7652,4.24
7653,2.83
7654,4.4
7655,4.8
7656,3.85
7657,3.64
7658,4.34
7659,4.03
7660,4.29
7661,4.4
7662,4.33
7663,2.55
7664,4.59
7665,3.84
7666,4.27
7667,3.42
7668,3.89
7669,4.3
7670,4.48
7671,3.87
7672,4.04
7673,3.89
7674,4.22
7675,4.51
7676,4.55
7677,4.48
7678,3.5
7679,4.44
7680,4.4
7681,4.15
7682,4.39
7683,4.63
7684,4.44
7685,3.53
7686,4.52
7687,4.47
7688,4.26
7689,4.59
7690,4.08
7691,4.13
7692,4.23
7693,4.49
7694,3.71
7695,4.06
7696,4.3
7697,3.05
7698,3.85
7699,4.47
7700,4.15
7701,4.07
7702,3.93
7703,4.45
7704,3.32
7705,3.38
7706,4.57
7707,4.12
7708,4.4
7709,4.52
7710,4.71
7711,4.65
7712,3.39
7713,4.25
7714,2.65
7715,4.84
7716,4.09
7717,4.54
7718,4.38
7719,4.72
7720,4.54
7721,4.45
7722,4.29
7723,4.66
7724,4.46
7725,4.41
7726,4.14
7727,4.41
7728,3.72
7729,3.77
7730,4.16
7731,3.07
7732,3.91
7733,4.1
7734,4.02
7735,4.21
7736,4.19
7737,3.74
7738,3.79
7739,4.26
7740,4.86
7741,4.66
7742,4.86
7743,4.44
7744,4.63
7745,4.53
7746,4.61
7747,4.06
7748,4.43
7749,4.57
7750,3.92
7751,4.47
7752,4.46
7753,3.63
7754,4.0
7755,3.72
7756,4.62
7757,4.16
7758,4.53
7759,4.22
7760,4.32
7761,4.46
7762,4.06
7763,3.77
7764,4.28
7765,3.55
7766,4.47
7767,4.59
7768,4.9
7769,4.71
7770,4.58
7771,4.17
7772,4.15
7773,4.57
7774,4.51
7775,4.57
7776,3.41
7777,4.13
7778,3.85
7779,4.0
7780,4.49
7781,3.77
7782,4.23
7783,4.48
7784,3.25
7785,4.04
7786,4.29
7787,4.17
7788,4.01
7789,4.09
7790,4.56
7791,3.47
7792,4.62
7793,4.58
7794,4.34
7795,4.4
7796,4.29
7797,4.35
7798,2.98
7799,3.82
7800,4.2
7801,4.6
7802,4.76
7803,3.72
7804,4.4
7805,4.28
7806,2.89
7807,4.76
7808,4.16
7809,3.65
7810,4.31
7811,4.33
7812,4.69
7813,4.0
7814,4.26
7815,4.05
7816,4.34
7817,3.93
7818,3.73
7819,3.78
7820,4.12
7821,4.62
7822,3.6
7823,4.52
7824,4.78
7825,3.88
7826,4.49
7827,4.48
7828,4.46
7829,4.29
7830,3.96
7831,4.81
7832,4.43
7833,3.81
7834,3.64
7835,4.41
7836,4.22
7837,4.06
7838,3.8
7839,4.37
7840,4.47
7841,4.19
7842,3.89
7843,4.26
7844,3.8
7845,4.19
7846,4.25
7847,3.68
7848,3.94
7849,4.03
7850,4.38
7851,4.45
7852,4.23
7853,4.0
7854,4.31
7855,4.41
7856,4.28
7857,3.89
7858,4.71
7859,4.44
7860,4.67
7861,4.34
7862,4.7
7863,4.19
7864,4.41
7865,4.52
7866,4.55
7867,4.34
7868,4.06
7869,4.56
7870,4.66
7871,4.13
7872,4.35
7873,3.87
7874,4.12
7875,3.73
7876,3.18
7877,4.12
7878,4.39
7879,4.29
7880,4.64
7881,4.46
7882,4.8
7883,4.36
7884,4.06
7885,4.57
7886,4.05
7887,4.47
7888,4.32
7889,4.34
7890,4.6
7891,4.22
7892,4.01
7893,3.49
7894,4.25
7895,4.43
7896,4.32
7897,4.5
7898,3.89
7899,4.01
7900,4.66
7901,4.63
7902,4.85
7903,4.17
7904,4.44
7905,4.41
7906,4.66
7907,4.59
7908,4.37
7909,4.39
7910,3.94
7911,3.77
7912,4.19
7913,4.38
7914,4.3
7915,4.71
7916,4.33
7917,3.72
7918,3.99
7919,4.05
7920,4.53
7921,4.13
7922,4.3
7923,4.88
7924,4.4
7925,3.53
7926,4.13
7927,4.39
7928,4.69
7929,4.13
7930,4.76
7931,3.95
7932,4.47
7933,4.0
7934,4.59
7935,4.46
7936,4.04
7937,4.0
7938,4.4
7939,4.19
7940,4.26
7941,4.3
7942,4.86
7943,4.33
7944,4.92
7945,4.37
7946,4.66
7947,4.58
7948,4.53
7949,4.52
7950,4.35
7951,4.41
7952,3.68
7953,3.42
7954,4.7
7955,4.51
7956,4.07
7957,3.78
7958,4.64
7959,4.59
7960,4.33
7961,3.69
7962,4.17
7963,4.41
7964,4.18
7965,4.35
7966,4.49
7967,4.32
7968,4.03
7969,4.1
7970,4.43
7971,4.22
7972,4.39
7973,3.94
7974,3.89
7975,4.3
7976,4.79
7977,4.11
7978,4.17
7979,4.66
7980,4.04
7981,3.57
7982,3.92
7983,4.04
7984,4.06
7985,4.1
7986,4.23
7987,4.85
7988,3.63
7989,3.7
7990,4.18
7991,3.51
7992,3.61
7993,3.93
7994,4.78
7995,3.87
7996,4.1
7997,3.7
7998,4.0
7999,3.79
8000,4.2
8001,4.57
8002,4.77
8003,3.78
8004,4.08
8005,4.6
8006,4.05
8007,4.31
8008,4.52
8009,4.32
8010,4.24
8011,4.22
8012,3.68
8013,4.49
8014,4.33
8015,4.34
8016,4.84
8017,4.3
8018,4.01
8019,4.61
8020,4.18
8021,4.29
8022,3.87
8023,4.37
8024,4.49
8025,4.14
8026,4.56
8027,4.45
8028,4.57
8029,4.0
8030,4.54
8031,4.01
8032,4.14
8033,3.47
8034,4.14
8035,3.74
8036,3.73
8037,3.62
8038,3.65
8039,3.79
8040,4.01
8041,4.73
8042,4.05
8043,4.03
8044,4.45
8045,4.18
8046,3.94
8047,4.35
8048,4.31
8049,3.86
8050,4.72
8051,4.51
8052,4.69
8053,4.45
8054,4.42
8055,4.23
8056,4.43
8057,4.12
8058,4.67
8059,4.13
8060,4.02
8061,4.77
8062,4.38
8063,4.68
8064,4.32
8065,3.75
8066,4.68
8067,4.65
8068,3.97
8069,4.05
8070,3.89
8071,4.44
8072,4.28
8073,4.08
8074,4.06
8075,4.33
8076,4.02
8077,4.15
8078,4.53
8079,4.51
8080,4.48
8081,4.27
8082,4.59
8083,4.58
8084,3.9
8085,4.38
8086,2.72
8087,3.87
8088,4.57
8089,4.59
8090,4.27
8091,3.97
8092,3.78
8093,4.65
8094,4.15
8095,4.01
8096,4.23
8097,3.95
8098,4.1
8099,4.63
8100,3.92
8101,3.99
8102,4.67
8103,4.91
8104,4.59
8105,4.25
8106,4.07
8107,3.94
8108,4.44
8109,4.21
8110,4.2
8111,4.49
8112,3.63
8113,2.83
8114,4.27
8115,4.8
8116,4.28
8117,4.45
8118,4.08
8119,4.19
8120,4.68
8121,4.6
8122,4.72
8123,4.55
8124,4.47
8125,4.45
8126,4.17
8127,4.07
8128,3.98
8129,4.44
8130,3.94
8131,3.35
8132,4.36
8133,3.8
8134,3.74
8135,3.95
8136,4.15
8137,4.91
8138,3.68
8139,4.02
8140,4.8
8141,4.25
8142,4.34
8143,4.74
8144,3.62
8145,3.79
8146,4.1
8147,4.39
8148,4.5
8149,4.2
8150,3.92
8151,4.13
8152,4.63
8153,4.06
8154,3.63
8155,4.19
8156,4.26
8157,4.17
8158,4.28
8159,4.24
8160,4.21
8161,4.47
8162,3.57
8163,4.02
8164,4.56
8165,4.41
8166,4.32
8167,4.26
8168,3.75
8169,4.64
8170,4.96
8171,4.55
8172,4.32
8173,4.67
8174,4.79
8175,4.11
8176,3.23
8177,4.37
8178,3.89
8179,3.28
8180,4.47
8181,4.59
8182,4.86
8183,4.07
8184,3.66
8185,4.43
8186,4.63
8187,4.28
8188,4.69
8189,4.32
8190,4.61
8191,3.89
8192,3.73
8193,3.85
8194,4.78
8195,4.42
8196,4.43
8197,3.82
8198,4.32
8199,4.6
8200,3.84
8201,4.47
8202,3.24
8203,4.76
8204,3.81
8205,4.54
8206,2.36
8207,4.53
8208,4.78
8209,3.78
8210,4.39
8211,4.45
8212,4.38
8213,4.5
8214,4.06
8215,4.16
8216,4.29
8217,4.83
8218,3.79
8219,4.1
8220,4.24
8221,4.68
8222,4.59
8223,2.93
8224,4.15
8225,4.34
8226,4.24
8227,4.55
8228,4.26
8229,4.43
8230,4.24
8231,4.26
8232,4.8
8233,4.18
8234,4.45
8235,4.33
8236,4.4
8237,4.29
8238,4.22
8239,4.09
8240,4.31
8241,4.22
8242,4.31
8243,4.38
8244,4.66
8245,4.42
8246,4.69
8247,4.36
8248,4.41
8249,4.34
8250,3.31
8251,3.87
8252,3.04
8253,3.52
8254,3.96
8255,4.64
8256,4.01
8257,4.38
8258,4.71
8259,4.66
8260,4.14
8261,4.15
8262,3.98
8263,4.42
8264,4.44
8265,4.48
8266,4.36
8267,4.46
8268,3.1
8269,4.08
8270,4.51
8271,4.56
8272,4.43
8273,4.43
8274,4.21
8275,3.95
8276,4.32
8277,4.2
8278,4.34
8279,4.21
8280,4.11
8281,4.36
8282,4.28
8283,4.5
8284,3.57
8285,4.01
8286,4.57
8287,3.92
8288,4.65
8289,4.5
8290,4.46
8291,3.68
8292,4.69
8293,4.15
8294,3.96
8295,4.39
8296,4.35
8297,4.1
8298,4.52
8299,4.28
8300,3.27
8301,4.19
8302,4.61
8303,3.82
8304,3.86
8305,4.43
8306,4.3
8307,3.79
8308,3.77
8309,4.57
8310,4.13
8311,4.41
8312,3.71
8313,4.17
8314,4.04
8315,4.33
8316,4.14
8317,4.77
8318,4.15
8319,3.61
8320,4.32
8321,4.54
8322,4.33
8323,3.58
8324,3.66
8325,4.4
8326,4.19
8327,3.88
8328,4.47
8329,4.16
8330,4.38
8331,4.68
8332,4.33
8333,4.29
8334,4.31
8335,4.28
8336,4.71
8337,4.35
8338,4.5
8339,4.08
8340,4.18
8341,4.49
8342,4.42
8343,4.42
8344,4.66
8345,4.12
8346,4.77
8347,4.4
8348,4.71
8349,4.55
8350,4.62
8351,4.44
8352,4.41
8353,4.33
8354,3.9
8355,4.89
8356,3.61
8357,4.87
8358,4.66
8359,4.54
8360,4.29
8361,4.09
8362,3.9
8363,4.24
8364,4.1
8365,4.65
8366,4.14
8367,4.43
8368,4.85
8369,3.57
8370,4.1
8371,4.08
8372,4.96
8373,3.35
8374,3.8
8375,4.55
8376,4.44
8377,4.79
8378,4.4
8379,4.4
8380,4.52
8381,4.47
8382,3.91
8383,3.96
8384,4.47
8385,4.6
8386,4.25
8387,4.87
8388,3.65
8389,4.59
8390,4.2
8391,4.11
8392,4.21
8393,4.04
8394,4.05
8395,3.9
8396,4.17
8397,3.59
8398,4.57
8399,4.41
8400,4.16
8401,4.38
8402,4.55
8403,4.43
8404,4.48
8405,4.43
8406,4.27
8407,3.77
8408,3.67
8409,4.77
8410,4.88
8411,3.94
8412,4.41
8413,3.67
8414,4.29
8415,4.44
8416,3.79
8417,3.99
8418,4.19
8419,4.15
8420,4.32
8421,4.3
8422,4.28
8423,4.42
8424,3.75
8425,4.5
8426,4.43
8427,4.69
8428,4.37
8429,4.66
8430,4.0
8431,3.93
8432,4.07
8433,4.53
8434,3.73
8435,4.59
8436,3.24
8437,4.5
8438,4.57
8439,4.77
8440,4.69
8441,3.88
8442,3.81
8443,4.14
8444,4.2
8445,3.87
8446,3.22
8447,4.36
8448,4.64
8449,4.76
8450,3.97
8451,4.02
8452,3.65
8453,4.46
8454,4.01
8455,4.86
8456,2.45
8457,4.4
8458,3.39
8459,4.45
8460,4.6
8461,3.94
8462,3.69
8463,4.79
8464,4.76
8465,3.47
8466,3.15
8467,4.19
8468,3.52
8469,4.12
8470,3.66
8471,4.23
8472,3.88
8473,3.98
8474,4.27
8475,4.47
8476,4.69
8477,4.2
8478,4.0
8479,4.34
8480,4.15
8481,4.37
8482,4.43
8483,4.76
8484,2.62
8485,4.35
8486,4.53
8487,4.63
8488,4.11
8489,4.16
8490,4.77
8491,4.45
8492,4.19
8493,4.15
8494,4.5
8495,4.69
8496,4.56
8497,4.57
8498,3.31
8499,4.01
8500,4.12
8501,4.83
8502,4.62
8503,4.41
8504,4.21
8505,3.91
8506,4.58
8507,4.4
8508,3.11
8509,4.46
8510,3.88
8511,3.61
8512,4.34
8513,4.06
8514,4.0
8515,4.42
8516,4.36
8517,3.8
8518,4.05
8519,4.67
8520,4.57
8521,3.38
8522,4.49
8523,4.46
8524,4.89
8525,3.9
8526,4.01
8527,4.18
8528,4.06
8529,4.28
8530,4.72
8531,4.37
8532,3.98
8533,3.96
8534,4.07
8535,3.35
8536,4.25
8537,4.61
8538,4.18
8539,4.6
8540,4.66
8541,4.22
8542,4.04
8543,4.64
8544,4.22
8545,3.78
8546,4.73
8547,4.8
8548,3.51
8549,4.23
8550,4.35
8551,4.62
8552,4.22
8553,4.07
8554,4.54
8555,3.91
8556,4.9
8557,4.69
8558,3.29
8559,4.36
8560,4.37
8561,4.26
8562,3.34
8563,4.0
8564,4.56
8565,3.55
8566,4.13
8567,3.34
8568,4.67
8569,3.79
8570,4.07
8571,3.91
8572,3.83
8573,4.09
8574,4.94
8575,4.25
8576,3.87
8577,4.61
8578,4.46
8579,3.83
8580,4.27
8581,3.46
8582,3.86
8583,4.58
8584,4.02
8585,3.71
8586,4.25
8587,4.33
8588,3.98
8589,4.01
8590,4.13
8591,4.29
8592,4.85
8593,3.92
8594,4.08
8595,3.88
8596,4.29
8597,4.15
8598,3.51
8599,4.54
8600,4.07
8601,4.31
8602,4.57
8603,4.31
8604,4.62
8605,4.2
8606,4.5
8607,3.78
8608,4.05
8609,4.4
8610,4.37
8611,3.97
8612,4.69
8613,3.56
8614,2.93
8615,4.38
8616,4.31
8617,3.83
8618,4.56
8619,4.5
8620,3.99
8621,4.16
8622,4.12
8623,4.09
8624,3.72
8625,4.02
8626,4.2
8627,4.35
8628,3.92
8629,3.53
8630,4.75
8631,4.46
8632,4.48
8633,4.26
8634,4.36
8635,4.54
8636,4.46
8637,3.82
8638,4.39
8639,3.64
8640,3.8
8641,4.3
8642,4.42
8643,3.78
8644,3.86
8645,4.18
8646,4.81
8647,4.23
8648,3.44
8649,4.6
8650,4.13
8651,3.79
8652,3.72
8653,3.81
8654,4.57
8655,4.0
8656,4.67
8657,4.52
8658,4.72
8659,4.95
8660,4.3
8661,4.45
8662,4.08
8663,3.85
8664,4.51
8665,4.64
8666,4.18
8667,2.49
8668,4.58
8669,3.95
8670,3.68
8671,4.58
8672,3.91
8673,3.89
8674,4.28
8675,4.73
8676,3.87
8677,4.39
8678,3.58
8679,3.74
8680,3.98
8681,3.95
8682,3.9
8683,4.12
8684,3.82
8685,4.49
8686,4.67
8687,4.37
8688,4.73
8689,4.46
8690,3.78
8691,3.66
8692,4.05
8693,4.0
8694,4.36
8695,4.6
8696,3.71
8697,3.68
8698,4.09
8699,4.32
8700,4.11
8701,4.68
8702,4.08
8703,3.98
8704,3.68
8705,4.24
8706,3.85
8707,4.22
8708,4.01
8709,4.32
8710,4.11
8711,3.34
8712,4.01
8713,4.7
8714,3.15
8715,4.66
8716,3.54
8717,4.22
8718,4.13
8719,3.84
8720,3.7
8721,4.63
8722,4.55
8723,4.84
8724,4.46
8725,4.77
8726,4.19
8727,3.9
8728,3.68
8729,4.51
8730,3.38
8731,4.03
8732,4.26
8733,4.28
8734,4.02
8735,4.42
8736,3.6
8737,4.23
8738,4.59
8739,2.96
8740,3.86
8741,4.64
8742,4.05
8743,4.47
8744,4.1
8745,3.23
8746,4.57
8747,4.12
8748,4.25
8749,4.86
8750,3.88
8751,3.88
8752,3.52
8753,4.89
8754,4.83
8755,4.46
8756,4.58
8757,4.15
8758,4.57
8759,4.42
8760,4.54
8761,4.85
8762,4.46
8763,4.53
8764,4.73
8765,4.23
8766,4.47
8767,4.6
8768,3.95
8769,4.69
8770,4.27
8771,4.21
8772,4.01
8773,4.39
8774,4.15
8775,4.21
8776,4.66
8777,4.71
8778,4.37
8779,4.93
8780,4.26
8781,4.66
8782,4.22
8783,4.69
8784,4.48
8785,4.19
8786,4.47
8787,3.53
8788,3.9
8789,4.76
8790,4.78
8791,3.52
8792,4.24
8793,4.51
8794,3.43
8795,4.16
8796,3.71
8797,4.11
8798,4.83
8799,4.73
8800,3.95
8801,3.77
8802,4.27
8803,3.71
8804,4.19
8805,4.06
8806,4.06
8807,4.59
8808,4.09
8809,4.7
8810,3.98
8811,3.44
8812,4.21
8813,4.45
8814,4.58
8815,4.49
8816,3.78
8817,4.52
8818,4.38
8819,4.56
8820,4.54
8821,4.19
8822,4.27
8823,3.89
8824,3.92
8825,4.44
8826,4.3
8827,3.45
8828,4.78
8829,4.06
8830,3.45
8831,4.48
8832,3.67
8833,4.42
8834,3.97
8835,4.53
8836,4.39
8837,3.94
8838,4.35
8839,4.6
8840,3.19
8841,4.15
8842,4.74
8843,4.41
8844,4.13
8845,4.06
8846,3.93
8847,4.09
8848,4.55
8849,4.04
8850,4.56
8851,4.24
8852,4.64
8853,4.21
8854,4.0
8855,3.62
8856,3.13
8857,4.05
8858,4.18
8859,4.14
8860,4.18
8861,4.64
8862,4.52
8863,4.46
8864,4.3
8865,4.07
8866,4.4
8867,4.42
8868,3.87
8869,4.61
8870,4.91
8871,4.01
8872,4.56
8873,4.48
8874,3.99
8875,4.83
8876,3.81
8877,4.08
8878,3.75
8879,4.25
8880,3.71
8881,4.47
8882,4.35
8883,3.86
8884,4.15
8885,4.51
8886,3.66
8887,4.52
8888,4.08
8889,4.57
8890,3.88
8891,4.46
8892,4.6
8893,3.81
8894,3.64
8895,4.5
8896,4.35
8897,3.88
8898,3.58
8899,4.38
8900,3.74
8901,4.76
8902,4.45
8903,4.38
8904,4.03
8905,4.15
8906,3.91
8907,3.53
8908,4.61
8909,4.55
8910,4.5
8911,4.03
8912,4.41
8913,4.35
8914,4.32
8915,3.81
8916,3.87
8917,4.2
8918,4.35
8919,3.94
8920,4.49
8921,4.07
8922,4.64
8923,3.4
8924,4.52
8925,4.54
8926,4.93
8927,4.05
8928,4.36
8929,4.12
8930,3.99
8931,3.74
8932,4.52
8933,3.75
8934,4.0
8935,4.42
8936,4.34
8937,4.43
8938,4.1
8939,4.2
8940,4.46
8941,4.56
8942,4.08
8943,4.01
8944,4.02
8945,4.06
8946,4.2
8947,4.52
8948,4.48
8949,4.46
8950,3.64
8951,4.11
8952,3.93
8953,4.5
8954,4.28
8955,4.11
8956,3.66
8957,4.37
8958,4.01
8959,4.76
8960,4.76
8961,4.82
8962,4.35
8963,4.49
8964,4.61
8965,4.37
8966,3.99
8967,4.08
8968,4.13
8969,4.19
8970,3.1
8971,3.42
8972,4.37
8973,4.59
8974,4.58
8975,4.38
8976,3.72
8977,4.53
8978,3.41
8979,4.49
8980,4.36
8981,4.14
8982,4.39
8983,3.96
8984,4.33
8985,4.42
8986,3.04
8987,4.7
8988,4.0
8989,4.57
8990,4.17
8991,3.65
8992,4.13
8993,4.49
8994,4.81
8995,3.85
8996,4.26
8997,3.87
8998,4.14
8999,4.53
9000,3.79
9001,4.03
9002,3.88
9003,4.24
9004,4.25
9005,3.98
9006,4.26
9007,4.09
9008,4.55
9009,4.47
9010,4.54
9011,4.08
9012,4.42
9013,4.34
9014,4.06
9015,4.7
9016,4.74
9017,3.92
9018,4.89
9019,3.62
9020,4.48
9021,3.56
9022,4.72
9023,3.82
9024,4.78
9025,4.65
9026,4.49
9027,4.28
9028,4.07
9029,4.71
9030,3.81
9031,4.83
9032,3.98
9033,4.06
9034,4.65
9035,4.28
9036,4.35
9037,3.16
9038,4.62
9039,4.88
9040,4.33
9041,3.97
9042,3.97
9043,4.3
9044,4.63
9045,4.19
9046,4.31
9047,4.4
9048,4.1
9049,3.76
9050,4.52
9051,4.79
9052,3.28
9053,3.52
9054,4.77
9055,4.44
9056,4.78
9057,4.71
9058,3.91
9059,4.37
9060,3.82
9061,4.16
9062,4.38
9063,4.18
9064,3.86
9065,4.31
9066,4.29
9067,4.49
9068,4.69
9069,4.68
9070,4.72
9071,4.03
9072,3.93
9073,4.68
9074,4.38
9075,4.15
9076,3.94
9077,4.56
9078,3.63
9079,4.09
9080,4.54
9081,4.05
9082,4.49
9083,4.38
9084,3.37
9085,3.97
9086,4.18
9087,4.88
9088,4.47
9089,4.8
9090,4.5
9091,4.43
9092,4.17
9093,3.84
9094,4.33
9095,3.03
9096,4.76
9097,4.25
9098,3.89
9099,4.61
9100,4.02
9101,4.71
9102,4.49
9103,3.72
9104,3.51
9105,4.05
9106,4.33
9107,4.47
9108,3.86
9109,4.75
9110,3.96
9111,4.32
9112,4.05
9113,4.38
9114,4.65
9115,3.91
9116,4.59
9117,4.21
9118,4.48
9119,4.75
9120,4.45
9121,4.39
9122,4.46
9123,3.51
9124,4.37
9125,4.1
9126,4.58
9127,3.68
9128,4.47
9129,3.66
9130,4.12
9131,4.63
9132,3.7
9133,4.33
9134,3.79
9135,4.12
9136,4.4
9137,3.45
9138,4.4
9139,3.91
9140,3.79
9141,4.82
9142,4.55
9143,4.33
9144,4.34
9145,3.92
9146,4.09
9147,4.57
9148,4.49
9149,4.06
9150,4.48
9151,4.28
9152,4.76
9153,4.02
9154,4.79
9155,3.21
9156,4.3
9157,4.65
9158,4.4
9159,4.64
9160,4.49
9161,4.22
9162,4.15
9163,4.37
9164,4.56
9165,4.9
9166,3.78
9167,4.28
9168,4.93
9169,3.83
9170,4.29
9171,4.41
9172,3.7
9173,4.43
9174,4.44
9175,4.35
9176,4.42
9177,4.53
9178,4.19
9179,4.43
9180,4.03
9181,4.28
9182,4.56
9183,4.25
9184,4.04
9185,4.72
9186,4.21
9187,4.42
9188,3.83
9189,4.61
9190,4.24
9191,4.41
9192,4.39
9193,4.12
9194,3.46
9195,4.65
9196,3.39
9197,4.43
9198,3.74
9199,4.43
9200,4.38
9201,4.64
9202,4.15
9203,4.64
9204,4.84
9205,4.18
9206,4.45
9207,4.24
9208,3.7
9209,4.62
9210,4.51
9211,4.52
9212,3.98
9213,4.85
9214,4.48
9215,3.99
9216,4.7
9217,3.91
9218,4.72
9219,4.4
9220,4.42
9221,4.72
9222,4.33
9223,4.64
9224,3.96
9225,4.46
9226,4.83
9227,4.37
9228,4.39
9229,3.62
9230,3.68
9231,4.03
9232,4.12
9233,4.3
9234,4.25
9235,4.13
9236,4.45
9237,4.46
9238,4.85
9239,4.65
9240,4.51
9241,3.77
9242,4.73
9243,4.53
9244,4.2
9245,3.99
9246,4.04
9247,3.52
9248,4.48
9249,3.98
9250,4.5
9251,4.86
9252,4.28
9253,4.01
9254,4.24
9255,4.36
9256,4.74
9257,4.51
9258,4.6
9259,4.31
9260,3.54
9261,4.22
9262,3.45
9263,4.36
9264,4.45
9265,4.22
9266,4.27
9267,3.58
9268,3.43
9269,4.58
9270,4.68
9271,4.23
9272,4.34
9273,4.25
9274,4.63
9275,4.16
9276,4.44
9277,4.15
9278,4.57
9279,4.68
9280,4.12
9281,4.48
9282,3.66
9283,3.6
9284,4.6
9285,4.64
9286,3.72
9287,4.28
9288,4.08
9289,4.3
9290,3.94
9291,4.5
9292,4.36
9293,3.77
9294,4.39
9295,4.33
9296,4.62
9297,4.27
9298,3.45
9299,3.68
9300,4.58
9301,4.27
9302,4.13
9303,3.27
9304,3.94
9305,4.35
9306,3.96
9307,4.18
9308,4.58
9309,3.52
9310,4.36
9311,3.58
9312,4.43
9313,4.81
9314,4.69
9315,3.52
9316,4.86
9317,4.04
9318,4.87
9319,3.71
9320,4.4
9321,3.81
9322,4.67
9323,4.2
9324,3.62
9325,3.68
9326,4.15
9327,4.85
9328,3.95
9329,4.7
9330,4.69
9331,4.1
9332,4.08
9333,3.91
9334,4.15
9335,3.98
9336,4.11
9337,4.63
9338,3.91
9339,3.91
9340,3.96
9341,4.08
9342,4.69
9343,4.69
9344,3.08
9345,4.81
9346,4.24
9347,4.31
9348,4.14
9349,2.73
9350,3.65
9351,4.17
9352,3.9
9353,4.22
9354,4.67
9355,4.31
9356,4.37
9357,4.16
9358,4.33
9359,4.64
9360,3.77
9361,3.87
9362,4.48
9363,4.54
9364,3.42
9365,4.78
9366,4.54
9367,4.75
9368,4.23
9369,4.23
9370,4.31
9371,3.69
9372,3.68
9373,4.24
9374,4.26
9375,3.84
9376,3.9
9377,4.31
9378,3.91
9379,4.59
9380,3.97
9381,4.4
9382,3.84
9383,3.96
9384,4.26
9385,4.56
9386,3.77
9387,4.55
9388,4.8
9389,4.82
9390,3.88
9391,4.57
9392,4.77
9393,4.32
9394,4.0
9395,4.32
9396,4.77
9397,4.02
9398,3.94
9399,3.87
9400,4.04
9401,4.05
9402,4.78
9403,4.75
9404,4.32
9405,3.61
9406,3.9
9407,4.08
9408,4.34
9409,3.77
9410,3.99
9411,3.88
9412,4.03
9413,3.32
9414,4.22
9415,4.36
9416,3.33
9417,3.28
9418,4.7
9419,4.8
9420,4.26
9421,4.74
9422,4.16
9423,4.09
9424,4.43
9425,4.23
9426,4.55
9427,4.35
9428,3.1
9429,4.57
9430,4.48
9431,4.05
9432,4.03
9433,4.44
9434,4.76
9435,4.22
9436,4.74
9437,4.42
9438,3.63
9439,4.18
9440,4.43
9441,4.65
9442,4.72
9443,4.25
9444,3.83
9445,4.46
9446,4.66
9447,4.28
9448,4.72
9449,3.07
9450,4.13
9451,4.21
9452,4.49
9453,4.84
9454,4.75
9455,4.62
9456,4.31
9457,3.87
9458,4.55
9459,3.71
9460,3.78
9461,4.12
9462,4.26
9463,4.17
9464,4.59
9465,3.92
9466,4.19
9467,4.17
9468,4.27
9469,4.08
9470,4.2
9471,3.96
9472,3.5
9473,4.46
9474,4.32
9475,4.33
9476,4.44
9477,4.32
9478,4.62
9479,3.95
9480,4.09
9481,4.12
9482,4.59
9483,4.85
9484,4.3
9485,3.88
9486,4.75
9487,4.21
9488,4.06
9489,4.17
9490,3.81
9491,4.76
9492,4.39
9493,4.45
9494,4.3
9495,4.63
9496,4.56
9497,4.45
9498,3.56
9499,4.94
9500,4.59
9501,4.12
9502,4.8
9503,4.76
9504,4.47
9505,4.05
9506,4.4
9507,4.38
9508,4.6
9509,4.21
9510,4.47
9511,4.29
9512,4.23
9513,4.77
9514,4.63
9515,4.08
9516,4.73
9517,3.94
9518,4.48
9519,4.91
9520,4.72
9521,4.74
9522,3.64
9523,3.42
9524,4.14
9525,4.07
9526,3.88
9527,4.59
9528,4.44
9529,3.93
9530,3.52
9531,4.45
9532,4.29
9533,4.0
9534,4.23
9535,3.39
9536,3.64
9537,4.47
9538,3.71
9539,4.71
9540,4.21
9541,4.64
9542,4.18
9543,4.68
9544,4.26
9545,4.62
9546,3.39
9547,3.68
9548,4.03
9549,4.33
9550,4.79
9551,4.68
9552,4.83
9553,4.01
9554,4.35
9555,4.16
9556,4.1
9557,4.45
9558,4.28
9559,4.51
9560,4.12
9561,4.46
9562,4.33
9563,3.88
9564,4.23
9565,4.72
9566,4.34
9567,4.85
9568,3.22
9569,3.77
9570,4.01
9571,4.51
9572,3.35
9573,4.34
9574,4.27
9575,4.47
9576,4.56
9577,4.83
9578,4.52
9579,4.09
9580,4.61
9581,2.89
9582,4.23
9583,4.2
9584,4.25
9585,4.18
9586,2.39
9587,3.73
9588,3.71
9589,4.2
9590,4.01
9591,3.73
9592,4.14
9593,4.44
9594,3.51
9595,4.8
9596,4.42
9597,4.58
9598,4.51
9599,3.82
9600,3.57
9601,4.81
9602,3.94
9603,4.64
9604,4.64
9605,4.4
9606,4.32
9607,4.15
9608,4.35
9609,4.26
9610,4.28
9611,3.79
9612,4.67
9613,4.09
9614,4.36
9615,4.63
9616,4.05
9617,4.41
9618,4.27
9619,3.64
9620,3.89
9621,4.24
9622,3.77
9623,4.33
9624,4.69
9625,3.59
9626,3.18
9627,4.81
9628,4.54
9629,2.83
9630,4.38
9631,3.6
9632,4.63
9633,4.62
9634,4.55
9635,4.3
9636,4.48
9637,4.32
9638,4.08
9639,4.7
9640,4.45
9641,4.43
9642,4.75
9643,4.05
9644,4.48
9645,4.51
9646,4.39
9647,4.48
9648,4.34
9649,4.3
9650,3.72
9651,4.27
9652,4.17
9653,4.42
9654,3.74
9655,4.18
9656,3.91
9657,4.54
9658,3.51
9659,4.1
9660,3.83
9661,4.6
9662,4.14
9663,4.72
9664,4.64
9665,4.38
9666,4.53
9667,3.73
9668,3.77
9669,4.07
9670,4.3
9671,3.95
9672,4.48
9673,4.71
9674,4.06
9675,3.75
9676,4.41
9677,4.13
9678,3.89
9679,4.33
9680,4.68
9681,3.8
9682,3.78
9683,4.43
9684,2.97
9685,4.37
9686,4.95
9687,3.84
9688,4.18
9689,4.63
9690,4.18
9691,4.66
9692,4.66
9693,4.59
9694,3.35
9695,4.54
9696,3.91
9697,2.81
9698,4.63
9699,4.43
9700,4.71
9701,4.36
9702,3.8
9703,4.38
9704,3.46
9705,4.26
9706,3.64
9707,4.79
9708,4.46
9709,4.05
9710,3.6
9711,4.86
9712,4.46
9713,4.2
9714,3.15
9715,3.55
9716,4.12
9717,4.34
9718,4.7
9719,4.58
9720,4.18
9721,3.11
9722,4.05
9723,3.26
9724,3.76
9725,4.33
9726,4.23
9727,3.65
9728,4.27
9729,3.83
9730,4.51
9731,4.13
9732,4.66
9733,4.11
9734,3.42
9735,3.25
9736,4.62
9737,4.55
9738,3.63
9739,4.11
9740,4.58
9741,2.83
9742,3.98
9743,4.41
9744,4.17
9745,4.07
9746,4.73
9747,3.85
9748,4.69
9749,4.15
9750,4.54
9751,3.64
9752,4.33
9753,4.86
9754,3.85
9755,4.31
9756,4.2
9757,4.31
9758,3.72
9759,4.38
9760,4.05
9761,3.92
9762,4.58
9763,4.52
9764,4.01
9765,3.97
9766,4.71
9767,4.1
9768,4.18
9769,3.55
9770,4.4
9771,4.42
9772,4.85
9773,4.46
9774,4.21
9775,4.29
9776,4.48
9777,4.24
9778,4.2
9779,4.23
9780,3.13
9781,4.29
9782,4.87
9783,4.55
9784,3.8
9785,2.95
9786,4.51
9787,2.64
9788,4.03
9789,4.51
9790,4.74
9791,4.01
9792,4.24
9793,4.08
9794,4.3
9795,4.29
9796,4.33
9797,4.4
9798,4.25
9799,4.15
9800,2.36
9801,4.3
9802,4.23
9803,4.27
9804,4.49
9805,4.71
9806,4.5
9807,4.67
9808,3.91
9809,4.34
9810,4.82
9811,4.46
9812,4.74
9813,4.16
9814,4.39
9815,3.86
9816,4.06
9817,3.66
9818,4.04
9819,4.22
9820,4.48
9821,4.26
9822,4.48
9823,3.6
9824,3.99
9825,4.15
9826,4.42
9827,3.03
9828,4.74
9829,3.68
9830,4.53
9831,4.27
9832,4.62
9833,3.91
9834,4.8
9835,4.39
9836,3.71
9837,4.6
9838,4.42
9839,3.46
9840,4.58
9841,4.0
9842,3.59
9843,4.72
9844,4.59
9845,4.59
9846,4.03
9847,3.56
9848,4.38
9849,4.01
9850,3.98
9851,4.43
9852,4.38
9853,4.85
9854,4.04
9855,4.27
9856,4.61
9857,4.21
9858,4.53
9859,4.31
9860,3.51
9861,4.52
9862,4.88
9863,4.05
9864,4.42
9865,4.57
9866,3.42
9867,4.52
9868,3.88
9869,4.72
9870,4.42
9871,4.69
9872,3.54
9873,4.52
9874,4.12
9875,4.24
9876,4.05
9877,4.35
9878,3.72
9879,3.49
9880,4.65
9881,4.0
9882,4.68
9883,4.15
9884,3.06
9885,4.46
9886,4.51
9887,4.49
9888,4.32
9889,4.01
9890,4.18
9891,4.58
9892,3.75
9893,4.02
9894,4.63
9895,4.45
9896,4.39
9897,4.18
9898,3.4
9899,4.63
9900,3.77
9901,4.07
9902,4.15
9903,4.55
9904,3.67
9905,4.4
9906,4.52
9907,4.36
9908,3.83
9909,4.37
9910,4.65
9911,4.88
9912,4.12
9913,4.49
9914,4.08
9915,4.55
9916,3.6
9917,4.68
9918,3.9
9919,3.89
9920,4.47
9921,4.07
9922,4.24
9923,3.94
9924,3.91
9925,4.24
9926,4.22
9927,4.12
9928,4.62
9929,4.86
9930,4.24
9931,4.17
9932,4.35
9933,4.68
9934,4.85
9935,4.17
9936,4.6
9937,4.68
9938,4.87
9939,4.41
9940,4.53
9941,3.56
9942,4.18
9943,4.03
9944,2.96
9945,3.17
9946,4.41
9947,4.32
9948,4.04
9949,3.7
9950,4.19
9951,4.79
9952,4.51
9953,4.39
9954,4.55
9955,4.3
9956,4.21
9957,3.49
9958,4.41
9959,4.48
9960,4.14
9961,4.67
9962,4.5
9963,3.64
9964,4.07
9965,3.92
9966,4.48
9967,4.33
9968,4.86
9969,4.97
9970,4.74
9971,4.44
9972,4.42
9973,4.04
9974,4.26
9975,4.67
9976,3.87
9977,3.86
9978,4.26
9979,4.09
9980,4.57
9981,4.33
9982,4.24
9983,4.84
9984,3.45
9985,4.8
9986,4.37
9987,4.17
9988,4.23
9989,4.56
9990,3.47
9991,4.44
9992,4.37
9993,4.83
9994,4.86
9995,3.97
9996,4.08
9997,4.39
9998,4.18
9999,4.35
10000,4.57
